"Site","Year","mpd.obs.z","pd.obs.z","SR"
"1","2000",0.87671217827006,-0.511805383403571,24
"10","2000",0.864159792872494,-1.00458746588972,36
"11","2000",0.519155110224615,-0.777941080365342,41
"12","2000",0.202376872807557,-0.64872488797724,33
"13","2000",0.460403264336813,-0.539493225825495,27
"14","2000",0.863242696583602,-0.374727722273697,38
"15","2000",0.653273179186377,-0.183399275887147,24
"16","2000",-0.0307434508035547,-1.38614787862087,31
"17","2000",0.511024640299158,-0.808042569163824,22
"18","2000",0.133752722094563,-1.44209139619642,23
"19","2000",0.93462835408441,-1.76153114735986,35
"2","2000",1.34690586308616,-0.808129781539607,33
"20","2000",1.38594788061303,-0.772862492646186,24
"21","2000",-0.0305051157380994,-2.4926486224604,20
"22","2000",0.706660210331501,-0.395528812277959,34
"23","2000",1.71860816623251,-1.74240411835814,35
"24","2000",0.39521812047786,-0.982560893274821,26
"25","2000",0.894855606267993,-0.757552057949846,31
"26","2000",-0.487940209638164,-0.735338871995273,24
"27","2000",-0.541388217867589,-2.21550941599411,24
"28","2000",-0.671778249238686,-1.47316203251013,29
"29","2000",-0.496579118159696,-2.36223640018045,26
"3","2000",-0.0919146757407307,-1.70872142193654,37
"30","2000",0.141564791038719,0.136258542782066,26
"31","2000",0.820339304844101,-1.13098107055146,28
"32","2000",0.136507484450601,-1.91468631956784,21
"33","2000",0.58186165337209,-0.195738234831635,24
"34","2000",0.767313516131625,-1.51025103084944,20
"35","2000",0.336251824875035,-1.90790013481715,23
"36","2000",0.967890392423399,-0.377338368577813,20
"37","2000",-0.763872798631655,-2.11390188187872,14
"38","2000",-0.696362875555663,-1.83005532224744,30
"39","2000",0.463768979117635,-1.29563386081001,25
"4","2000",0.557980089571211,-0.0696128472914895,35
"40","2000",0.260362594408484,-0.904433070263759,31
"41","2000",-0.59213274884594,-1.27827420236257,24
"42","2000",-2.06712409843985,-2.21903425522496,12
"43","2000",0.0923358180703804,-0.227632662537651,13
"44","2000",1.15242965874846,-1.08416938153235,25
"45","2000",0.443591823163578,-1.01879593198861,27
"46","2000",0.572248067153232,-2.01625735702031,24
"47","2000",-0.367492781845532,-0.75303853309914,23
"48","2000",0.470314513516567,-0.425332487450238,26
"49","2000",1.14572947488803,-0.322947563204496,18
"5","2000",1.41435946938886,-1.0127225748227,37
"50","2000",-0.239691042229618,-0.819708090098779,23
"51","2000",0.106097574357897,-1.56691935379416,27
"52","2000",-0.284697905798421,-1.15107585154611,27
"53","2000",0.377227881347613,-0.812022045872283,26
"54","2000",-0.0503926288478786,-0.900070878269083,33
"55","2000",0.687644514843744,-0.305329539726246,34
"56","2000",0.724236470526142,-1.70527770928373,24
"57","2000",0.745954889207633,-1.75152850258314,23
"58","2000",1.13990575723259,-0.899006963352565,20
"59","2000",0.590803351054402,-2.80080484526556,30
"6","2000",-0.232089861748415,-0.744900578645724,27
"60","2000",0.912330492561627,-0.662959950435088,28
"61","2000",0.698751136241187,-1.99222257655811,32
"62","2000",0.560262555018813,-1.81308604052361,27
"63","2000",1.06586776942205,-1.38399516346224,34
"64","2000",0.292378424714081,-1.52471800834439,36
"65","2000",0.344400497119823,-2.21532089305458,30
"66","2000",0.686430660411435,-1.02803319097863,28
"67","2000",0.435427204302738,-0.967848360580824,30
"68","2000",1.05017542846621,-1.77366970560384,32
"69","2000",0.448541764148568,-2.777201056834,20
"7","2000",0.6071857821294,-1.42591069985542,31
"70","2000",1.00159965043299,-1.7025650149177,29
"71","2000",0.420433892142258,-1.42643012490014,25
"72","2000",0.509942037246733,-0.259987461546733,25
"73","2000",1.11308654576614,-0.738155859810098,30
"74","2000",0.54123113561996,-1.91108645046585,24
"75","2000",-0.331710523150875,-1.74555286710589,24
"76","2000",-0.447461037891755,-2.31336644526943,25
"77","2000",0.627276515970598,-0.623612052300623,33
"78","2000",0.341008245228842,-1.49892197499769,42
"79","2000",0.676023070774431,-0.672272439874538,31
"8","2000",0.338657912053079,-0.46507630740022,35
"80","2000",0.5008011601869,-1.02031267433447,21
"9","2000",1.10731973356513,-0.742361072707043,22
"1","2001",0.808021307584357,-1.16972308108373,24
"10","2001",0.175396977781391,-1.51977544429039,28
"11","2001",0.361887006501421,-0.734636135083275,40
"12","2001",0.341469640663988,-1.55751708156652,34
"13","2001",-0.313287606368054,-0.715800928890384,28
"14","2001",1.05015018826096,-0.138609988441328,29
"15","2001",0.859934923033211,-0.650428782138065,29
"16","2001",0.318894248821832,-1.347688865937,32
"17","2001",0.778598110454789,-0.380986866315124,15
"18","2001",-0.497728535609882,-3.2908725951249,23
"19","2001",0.984002544708383,-0.71596664935012,28
"2","2001",0.705367022023509,-2.06454516004241,30
"20","2001",1.64562434949156,1.13219930067149,19
"21","2001",0.0419957976599496,-1.77323845117405,17
"22","2001",1.05770551276049,-0.218007385568743,33
"23","2001",1.08573500345942,-1.82919188050542,34
"24","2001",1.02382915364073,-0.385784140111816,34
"25","2001",1.50686305741354,-0.263884193824768,26
"26","2001",0.139717304910776,-0.509390243660857,19
"27","2001",-1.01903981418365,-1.42833547651162,22
"28","2001",-0.976312828914938,-1.5728616555806,23
"29","2001",-0.301268189724177,-0.608849588872868,22
"3","2001",-0.201464571271675,-1.59169347262299,38
"30","2001",0.225693436016373,-0.577649276705972,20
"31","2001",0.600500048739601,-0.678455654160013,24
"32","2001",0.555982960895699,-0.813797991406287,21
"33","2001",0.714399679874264,-0.325614762978794,26
"34","2001",0.471220254537698,-1.97557429068587,13
"35","2001",-0.106097238402392,-3.00993411726824,19
"36","2001",-0.38444343583528,-3.20011211877383,24
"37","2001",0.502500297962774,-1.58832973769465,11
"38","2001",0.145005739485542,-1.2265900395247,29
"39","2001",-0.262277651831153,-0.284402477826521,22
"4","2001",0.130709001533484,-1.36030101021494,29
"40","2001",0.0212926440727464,-1.08247902583106,25
"41","2001",-0.593209382034977,-0.913037724398295,26
"42","2001",-0.285283352060324,-1.63862106154242,27
"43","2001",0.5279264167892,-1.09818066934978,12
"44","2001",1.12388345054792,-1.09908387678735,23
"45","2001",0.220111525757381,-1.50893202974333,19
"46","2001",0.631036958028745,-2.18414468545453,19
"47","2001",0.598059783229,-1.32404489985228,19
"48","2001",0.343826183454891,-2.26262080968026,24
"49","2001",0.681135581910481,-0.705237455840503,21
"5","2001",1.51648898883899,-0.16033273837843,23
"50","2001",-0.0100287479639923,-1.01209833543083,22
"51","2001",0.0638728576694495,-2.23247560128741,27
"52","2001",-0.235639932305568,-1.90129780984146,29
"53","2001",-0.23157995661115,-1.09030739774312,24
"54","2001",0.047084864100611,-0.79690344835551,34
"55","2001",1.05216652259366,-0.579589658649351,28
"56","2001",0.21117080550766,-0.77854070935969,28
"57","2001",0.449356240819995,-1.46912912848861,21
"58","2001",0.712524259993097,-1.61465488546524,17
"59","2001",-0.234012354416156,-1.44030532875593,22
"6","2001",0.898759798989975,-0.920443386031307,29
"60","2001",0.053439932756746,-1.88862812104056,22
"61","2001",1.1120820221134,-0.945679068948587,26
"62","2001",0.400879772263992,-1.62451367123581,22
"63","2001",1.05559172581604,-0.492329523041483,23
"64","2001",-0.496810010247631,-1.65188830176973,28
"65","2001",0.0475725020039087,-2.47527612619494,22
"66","2001",0.801697480235094,-1.78747788165784,19
"67","2001",0.0891516087248269,-0.131783967222547,20
"68","2001",0.780531949619407,0.523567573934081,22
"69","2001",-0.200351611121275,-2.3711959417831,14
"7","2001",0.246723594948045,-2.06848963134031,40
"70","2001",1.11549963063663,-1.04215408409017,18
"71","2001",-0.407494368916104,-1.33941145534188,21
"72","2001",0.123939341763444,-0.942917593155207,23
"73","2001",-0.17163865305581,-2.84195118077831,31
"74","2001",-0.535085322605916,-2.22542874788589,20
"75","2001",-0.00366498296335002,-2.71162762879097,24
"76","2001",-0.767331952913556,-1.97620425439789,23
"77","2001",0.102641694229002,-0.650283501394964,26
"78","2001",-0.205620520780996,-2.67630628438947,37
"79","2001",0.370621489754016,-1.26635885378151,18
"8","2001",-0.12714366957411,-0.0523248137751196,28
"80","2001",0.0755948367448462,-2.06059846953166,9
"9","2001",1.17303342396559,-0.527051870398083,24
"1","2002",0.602428601102755,-1.50928721943552,28
"10","2002",0.610006230599321,-0.29900367422004,32
"11","2002",0.156999965846615,-0.621677668144822,40
"12","2002",0.57348935931514,-0.0251927970065279,32
"13","2002",0.377731544607215,-1.21302793972453,23
"14","2002",1.09125450303341,-0.204457298686442,33
"15","2002",1.1243912727123,-0.840343140343324,36
"16","2002",0.413229654230848,-1.95403372985594,33
"17","2002",0.589321600334817,-0.522082576077159,16
"18","2002",0.387986367322579,-0.417550673317582,22
"19","2002",0.917538203019418,-1.74566015982222,33
"2","2002",0.634197238187576,-1.8792007070612,39
"20","2002",1.18899860142653,0.0869212879238173,19
"21","2002",0.0698843043994572,-1.46251354765571,27
"22","2002",0.567806266391558,-0.437266468708193,43
"23","2002",0.974768154458758,-1.38183423202989,39
"24","2002",1.24244071250888,-0.9751731945782,36
"25","2002",1.00156048647812,-0.511148640828989,40
"26","2002",-0.567658836182691,0.211209303210207,22
"27","2002",-1.89722202248616,-1.18945107066877,24
"28","2002",-0.817966786848428,-0.391507241120557,26
"29","2002",-0.771162468652941,-1.54081811884664,22
"3","2002",-0.388035952951636,-0.212298938951954,43
"30","2002",-0.73344222851389,-0.529695983669991,29
"31","2002",0.13410314723141,-0.0118157950261379,35
"32","2002",-0.738820825397522,-0.203942952596581,31
"33","2002",1.02927062030722,-0.00278263902534598,27
"34","2002",0.494861633401856,-1.77054289798687,16
"35","2002",0.211927698359337,-2.49323657073173,19
"36","2002",-0.104133001760375,-2.33875826273731,18
"37","2002",0.272278648324398,-2.60612697012029,18
"38","2002",0.139784035384166,-0.627467910545437,41
"39","2002",0.739451477551246,-0.0794160612894129,28
"4","2002",0.571354074819853,-1.09478207271475,29
"40","2002",0.360230000427956,-0.800133541957608,35
"41","2002",0.205831686453702,-1.10653963828189,33
"42","2002",0.158971826712758,-1.55541210677811,32
"43","2002",0.45001583643471,-1.45518171016701,14
"44","2002",1.00279534180309,-1.18808577563031,23
"45","2002",1.14645984149256,-1.10112651877729,25
"46","2002",0.862109706432191,-1.72048239741139,21
"47","2002",0.640636940447563,-0.734247299096799,25
"48","2002",0.78728278152402,-0.979131285018241,33
"49","2002",0.7176078198721,-0.5357708815071,23
"5","2002",1.56788006096109,0.832002572630202,26
"50","2002",-0.950265774328252,-1.24412962588081,31
"51","2002",0.151880520037181,-1.67328214097766,34
"52","2002",0.2694990758287,-0.733881019132506,37
"53","2002",-0.228546166032129,-1.341596733193,25
"54","2002",-0.349206467454762,-1.66734758692693,35
"55","2002",0.169705908218661,-0.336170594220143,31
"56","2002",-0.297887012643262,-0.474709364484346,30
"57","2002",0.74206465133881,-1.43729690587626,28
"58","2002",-0.169392549438648,-2.16593431212513,18
"59","2002",-0.18297750491184,-1.52075640354008,31
"6","2002",1.03105366726909,-0.746002898438059,25
"60","2002",0.841552501761705,-0.777967051359106,27
"61","2002",0.997164926029849,-1.49506851464968,31
"62","2002",0.230476099115322,-2.06161473586043,25
"63","2002",1.25358685739921,-1.47699835610366,36
"64","2002",-0.0112300966833098,-0.470721146164814,32
"65","2002",0.0490394131017698,-2.48059232039544,27
"66","2002",0.579229585929261,-1.15552934155798,25
"67","2002",0.77550523322935,0.265035443952023,32
"68","2002",0.57182228175534,-0.553106341389092,30
"69","2002",0.29160609135834,-1.39654805428721,12
"7","2002",0.846877146651265,-0.928556717295894,40
"70","2002",1.26400444218789,-0.888762476575454,21
"71","2002",-0.270133008385005,-1.87442002756892,28
"72","2002",-0.192727229712391,-1.31478531787285,23
"73","2002",0.642598158850276,-1.87950477811503,33
"74","2002",-0.0506064501042587,-2.56841037097101,21
"75","2002",-0.0785785434982536,-2.19423717020191,34
"76","2002",0.363895744872039,-1.18678201417632,32
"77","2002",0.605774150067021,0.445164962799014,35
"78","2002",-0.384007844558345,-2.0958282166509,40
"79","2002",0.180127887123031,-0.571463757230657,28
"8","2002",-0.135754704710623,-0.188573819306367,38
"80","2002",0.0442728535420767,-1.80660707838653,18
"9","2002",0.960632864901329,-0.773510818732203,25
"1","2003",0.432534456315861,-1.63136886384762,31
"10","2003",0.607964757134228,-0.198275223927882,25
"11","2003",-0.470926349903161,-1.29651543062391,34
"12","2003",0.361848660219386,-0.582077933098152,28
"13","2003",0.365225219215946,-0.710675259973429,19
"14","2003",1.03844964671801,-0.27770948795057,31
"15","2003",1.10588313193231,-0.875511407107856,30
"16","2003",-3.67706374008096e-05,-1.79948902423215,33
"17","2003",0.796082305391557,-0.492383249231643,14
"18","2003",-0.756778645281992,-1.93392741543309,20
"19","2003",0.500847611993544,-1.24622622571576,26
"2","2003",0.966855262548818,-1.3512243998164,30
"20","2003",1.57683597758454,-0.373199885606877,13
"21","2003",-0.398909186457101,-1.93090745544219,29
"22","2003",0.733052485013972,0.387895713337935,31
"23","2003",1.23841227604591,-1.29339826544685,34
"24","2003",1.19993707014283,-0.239459263185938,33
"25","2003",0.99098662915588,-0.741685317683144,30
"26","2003",0.0211556366842172,-0.814158118306076,26
"27","2003",-1.87839905868069,-2.18894295955026,26
"28","2003",-1.84811440596378,-0.945641651837575,28
"29","2003",-1.02760910064439,-0.530071179677277,29
"3","2003",-0.29252138117764,-0.467547275277,31
"30","2003",-1.17167805354554,-0.862945741078007,33
"31","2003",0.41147526368364,-1.0836008225387,29
"32","2003",-0.501291028331499,-1.23889699633596,25
"33","2003",0.704524570226025,-0.858238599586169,28
"34","2003",0.613819407427819,-1.14377619710072,14
"35","2003",0.290833943210007,-2.03344099994443,16
"36","2003",0.0340485496002035,-2.36433886489925,16
"37","2003",0.431484878471341,-2.0243273402497,14
"38","2003",-1.67564179415736,-0.891970844105188,31
"39","2003",-0.142594780396318,-1.39220359815385,24
"4","2003",0.84104655672391,-0.939630365322935,23
"40","2003",-0.166296123726136,-1.16359979833713,30
"41","2003",-0.728891048522998,-0.903158341273927,24
"42","2003",0.655996748600777,-0.710152518898642,40
"43","2003",1.03389384928373,-0.874575548658441,21
"44","2003",0.926647989597927,-1.17714818433923,25
"45","2003",0.606264243478683,-1.59214299039182,28
"46","2003",0.701391977277854,-1.86810238041404,25
"47","2003",0.514253148221595,-1.15425862328261,24
"48","2003",0.515729535015286,-1.51285895194665,34
"49","2003",0.169018562671589,-1.24328877223307,28
"5","2003",1.30211455038932,0.435601948236036,20
"50","2003",-1.56776949468472,-1.27328387777941,33
"51","2003",0.286807028573497,-2.0692192147492,41
"52","2003",-0.142090788191855,-0.891301617761206,40
"53","2003",0.390435288186934,-1.39977844672887,31
"54","2003",-0.427194216367554,-1.39662700640058,38
"55","2003",0.0714681569290504,-0.502138115022667,34
"56","2003",-0.136909250203277,-1.21466144564965,34
"57","2003",0.659217739541842,-1.95956063652736,27
"58","2003",0.314571382423943,-1.48478003939624,23
"59","2003",0.0437317205174605,-1.90625153261808,43
"6","2003",0.273768128761802,0.184079288206909,14
"60","2003",0.477058174735388,-2.13619532858587,31
"61","2003",1.12619041568701,-1.1746966263509,27
"62","2003",0.0982265188963479,-2.60525735033633,22
"63","2003",0.4814472620698,-0.683533396932332,36
"64","2003",0.336432537101876,-0.465923250802095,29
"65","2003",-0.0966309164128852,-2.20229192023955,18
"66","2003",0.367304294102307,-1.23647850748939,21
"67","2003",0.128076108882429,-0.767950452115051,22
"68","2003",0.979346958969708,-0.761098130188935,39
"69","2003",0.598547582516005,-2.31777807500943,15
"7","2003",-0.114129223376406,-1.30455270943175,41
"70","2003",1.18766203727124,-1.63582051358792,27
"71","2003",-0.12405936551471,0.0897836315014953,34
"72","2003",0.00720619129738414,-1.61258142915275,27
"73","2003",0.284472759483954,-2.45610410153086,34
"74","2003",0.50302469254148,-1.8816894222933,27
"75","2003",-1.09997876487998,-2.646643628975,35
"76","2003",-1.03840839683105,-2.22288053390182,34
"77","2003",0.527096291229846,0.277426283125216,24
"78","2003",-0.634851137244309,-2.82566058490205,36
"79","2003",0.54605403672676,-0.655477019717001,24
"8","2003",-0.135997611558172,-0.542691505811478,32
"80","2003",0.0155866858096468,-2.3499135929924,15
"9","2003",-0.0247771258528453,-1.11905466697934,26
"1","2004",0.425593107586165,-1.41591529266177,31
"10","2004",0.569654196721473,-0.700485189553628,28
"11","2004",-0.962614543875819,-0.165027903563138,40
"12","2004",-0.390977582129057,-1.01933738458559,29
"13","2004",-0.871769664125887,-0.635805741498195,30
"14","2004",-0.658617647430764,0.244768335108039,37
"15","2004",0.786732155737639,-1.70361072934638,36
"16","2004",-0.473881169971439,-1.6467030144975,32
"17","2004",0.364618341207672,-1.01992226539583,17
"18","2004",-0.425105557363667,-1.21643970194851,22
"19","2004",0.705461026932017,-2.27225419192249,28
"2","2004",0.577063574290324,-1.73845523561261,35
"20","2004",1.48509808769843,0.514004411083286,21
"21","2004",-0.52234265699389,-2.12654849986019,21
"22","2004",0.832274916077917,-0.727176398071853,32
"23","2004",1.17057713421422,-1.55342809523719,31
"24","2004",1.1589791895025,-0.309142274834119,40
"25","2004",1.02760566380281,-1.96057442625712,30
"26","2004",-0.529601679031513,-0.905680128251667,23
"27","2004",-2.1399724411104,-1.6143517520718,25
"28","2004",-0.708569947777462,-0.706792777172522,26
"29","2004",-2.48096631825559,-1.46957239547023,26
"3","2004",0.270404804438731,-0.764917633628386,42
"30","2004",-0.987379974297145,-1.06567618567571,30
"31","2004",-0.475274998532928,-1.04223955399051,30
"32","2004",-0.5466334721453,-1.49177566596961,28
"33","2004",0.278901048445455,-0.351791382642868,27
"34","2004",0.701110254164863,-1.22416930805552,23
"35","2004",-0.0929870514619118,-2.96327252591392,22
"36","2004",0.161818745837754,-2.38511743895225,18
"37","2004",-0.410755102404758,-3.48274885785174,18
"38","2004",0.0596360215601838,-1.84466275240549,38
"39","2004",0.188981461672202,-1.96725429664618,32
"4","2004",-0.210041943141618,-2.14395640120251,35
"40","2004",0.103438296091611,-2.55173074878185,40
"41","2004",-0.533179597935461,-2.28911693450761,37
"42","2004",-0.353791433052164,-1.73040801453335,35
"43","2004",0.672204912982753,-1.56490664266413,18
"44","2004",1.01178350179578,-1.49331937337928,29
"45","2004",0.699798014658464,-1.31536699286458,29
"46","2004",0.493350273365967,-1.85385195966626,18
"47","2004",0.0782579330362105,-1.04622693456767,23
"48","2004",-0.0389316386429224,-1.6330585035697,31
"49","2004",0.232395295697748,-0.872898259090984,24
"5","2004",0.957027536225066,0.0124636758309647,35
"50","2004",-1.64968540282317,-2.47100117568123,27
"51","2004",-0.414985449998145,-2.21096596477281,37
"52","2004",-0.643447804578062,-1.00883448503289,39
"53","2004",-1.23615062323169,-2.70307076191243,30
"54","2004",-0.104616353536182,-2.46019640743231,28
"55","2004",-0.119826322084232,-0.640646549085749,32
"56","2004",-1.04487227252333,-1.7765968118265,40
"57","2004",0.843155232167259,-2.27879476075151,24
"58","2004",0.133479172625515,-1.90966695667398,21
"59","2004",-0.243675718258125,-2.0613474124998,34
"6","2004",1.10919818055685,-0.787409705965292,25
"60","2004",0.771343566723946,-2.07774612504106,23
"61","2004",1.30281464378272,-0.277897843735947,25
"62","2004",0.0247234282559083,-1.93489078923719,15
"63","2004",0.0236675315168028,-1.19786507429507,44
"64","2004",0.209563747435794,-0.779760641011778,30
"65","2004",-0.305352525860534,-3.08568769020358,19
"66","2004",0.129773840481601,-1.90803593279321,17
"67","2004",1.25634215880093,-1.05413382785272,30
"68","2004",0.538025686657369,-1.03275325113327,32
"69","2004",0.509823064362517,-1.66678605314141,17
"7","2004",-0.017721889328769,-2.3010169674867,30
"70","2004",0.942142720908936,-2.20975443757824,23
"71","2004",0.810789049256829,-0.0724674236938133,22
"72","2004",0.649555945557821,-1.50739579985427,20
"73","2004",0.142434815175037,-2.90574898638344,30
"74","2004",0.381476181158079,-2.73864112531663,22
"75","2004",-0.065426145444687,-1.85633702238653,30
"76","2004",-0.365593172502575,-3.2966538934166,28
"77","2004",0.977089665613825,0.64665473370638,23
"78","2004",0.340014172968512,-1.1887875874231,41
"79","2004",0.882289317950842,-0.342031300719009,12
"8","2004",0.734991344051674,-1.20243565112651,32
"80","2004",0.181650803612996,-1.94035420553342,11
"9","2004",0.83821640855979,-0.740727622966124,22
"1","2005",-0.0682267751589231,-1.87094762029853,32
"10","2005",0.653210993326034,-0.97918554930464,31
"11","2005",-0.876360589853571,-1.22558298547805,43
"12","2005",-0.121133004719085,-0.623759354979169,31
"13","2005",-0.912530936710777,-0.753090216090895,28
"14","2005",-0.0940166227424405,-1.01248049660381,39
"15","2005",0.668172790430546,-1.78048677416952,40
"16","2005",-0.0321531317087038,-2.00331552314534,40
"17","2005",-0.214872845596738,-1.73449166860732,19
"18","2005",-0.013436526112871,-0.746238038686702,21
"19","2005",0.544449367162486,-1.37064338808203,30
"2","2005",0.45852656882461,-1.79064052159883,36
"20","2005",1.10217841472049,-1.35764241557095,19
"21","2005",-0.172345054135526,-1.75140897009216,29
"22","2005",1.05325852597597,-0.95329069901592,37
"23","2005",0.742218821900832,-2.06380187017046,34
"24","2005",1.18000518457127,-0.622132578786821,36
"25","2005",1.09219145223257,-1.26058821470285,35
"26","2005",-0.265313699874702,-1.53923697914808,23
"27","2005",-0.74922384194796,-2.09769579445389,26
"28","2005",-0.863584243851541,-0.785856015627,24
"29","2005",-0.715700680910182,-1.24903293869211,29
"3","2005",-0.367704710431257,-1.09740488265,47
"30","2005",-1.05060674601685,-1.11545506907228,29
"31","2005",0.420517442902129,-1.54600498442721,24
"32","2005",-0.271299753477247,-1.31854995446512,28
"33","2005",0.328198883320953,-1.29365756080291,26
"34","2005",0.771163704343796,-1.76134661856484,17
"35","2005",-0.362155751142482,-3.06986299164063,21
"36","2005",-0.180938026692523,-2.9925650909876,22
"37","2005",0.138760206760873,-2.73801439635102,21
"38","2005",0.286692126153628,-1.19234797538216,37
"39","2005",0.380576255827099,-1.44926652457466,27
"4","2005",-0.241570792231288,-1.83737859174076,31
"40","2005",0.104374237922184,-2.83334774732723,38
"41","2005",-0.0327632870538815,-1.68151821193807,39
"42","2005",0.08579158717743,-1.19984522412538,36
"43","2005",0.444695819757006,-2.66749373965925,20
"44","2005",0.719968130482869,-0.923825192373109,27
"45","2005",0.55676091869934,-1.36031233918157,30
"46","2005",0.747670462040193,-2.36974152076727,24
"47","2005",0.916034578827459,-1.60606302543294,24
"48","2005",0.587382298931095,-1.48896951034152,32
"49","2005",0.0287791856202583,-1.1710725699548,26
"5","2005",1.34260187628379,-0.42191971296813,32
"50","2005",-0.467769380582733,-1.34611656385833,27
"51","2005",-0.314112766983922,-2.72922457883215,35
"52","2005",-0.864425319176117,-1.88500026971483,42
"53","2005",0.404589723687949,-2.32746274492022,29
"54","2005",0.13281995292996,-2.24234898082372,32
"55","2005",-0.0830750488495477,-0.188668707542504,32
"56","2005",-0.897433669393887,-1.51093126111442,38
"57","2005",0.756357317319516,-1.86568944678997,27
"58","2005",0.364081709024491,-1.51316749750819,22
"59","2005",-0.93514406166895,-2.33541190433762,34
"6","2005",0.937168663759325,-0.965991992497803,28
"60","2005",-0.467349685769793,-2.48321970385643,26
"61","2005",1.27498637563787,-1.08093559194388,27
"62","2005",0.376547488238962,-1.70453995724121,22
"63","2005",1.06469212843176,-1.91208462569349,44
"64","2005",0.984687899870937,-0.390325859390236,28
"65","2005",-1.28052629428659,-3.38779297135356,16
"66","2005",-2.28738282387223,-3.50850032718613,14
"67","2005",0.636347693963635,-1.99884543119218,29
"68","2005",0.836236801972674,-0.760969588303923,28
"69","2005",0.254067597264674,-2.56395641320816,19
"7","2005",0.548454374202983,-1.28367940402126,46
"70","2005",0.788912963454003,-1.94779456127567,28
"71","2005",0.577635436747345,-1.06011929592314,30
"72","2005",0.0515435570065323,-2.25731446320895,23
"73","2005",0.142864215101156,-2.40277214795477,29
"74","2005",-0.368223314478363,-3.36440319087558,22
"75","2005",-0.394203961964905,-2.54366581813447,30
"76","2005",-0.121773535005905,-2.51154016384757,31
"77","2005",1.27750066778646,-0.490271489624413,24
"78","2005",-0.212334864164119,-2.54540413992507,38
"79","2005",0.627662853374257,-1.09853583799261,21
"8","2005",1.15120960158072,-0.685663497337297,38
"80","2005",0.0447814171348145,-1.84912617234408,13
"9","2005",0.712534576457167,-1.9430803019456,27
"1","2006",-0.0674536639580053,-2.28682188499719,35
"10","2006",0.567590399118926,-1.342144095982,34
"11","2006",-0.61012916816444,-0.569457711182246,48
"12","2006",-0.20827736699172,-0.439642018977498,40
"13","2006",-0.475271532628842,-0.941216382128728,28
"14","2006",0.437979269444834,0.107289218173693,45
"15","2006",0.836657491096738,-1.84518996688658,41
"16","2006",-0.558017421666957,-1.63766184830492,35
"17","2006",0.328582369967335,-0.523754726657621,25
"18","2006",-0.445766525273363,-1.21643970194851,22
"19","2006",0.524349454426144,-2.29777906360649,33
"2","2006",0.512006129824797,-1.77447095862128,36
"20","2006",0.863515426659352,-0.532885782896649,20
"21","2006",-0.467924672002174,-2.41631327797365,25
"22","2006",0.530179501963377,-0.629230325017346,42
"23","2006",0.881599352728465,-1.97950961804059,35
"24","2006",0.75191044114787,0.101492225590445,42
"25","2006",1.00395679061149,-0.572596004954127,38
"26","2006",-0.258317970657532,-1.42348574516244,27
"27","2006",-0.873652169977444,-1.76203065378194,27
"28","2006",-1.92120266841687,-0.894462297510122,27
"29","2006",-0.214250779717555,-1.45164739672631,31
"3","2006",-0.35257522692208,-0.539415737259214,44
"30","2006",-0.0472329786190144,-1.72276158833793,28
"31","2006",-0.191528884211141,-0.456736154498001,35
"32","2006",-0.28579954543957,-1.35645017552862,25
"33","2006",0.051128169211058,-0.094055102308085,27
"34","2006",0.689216072544018,-2.04846970388185,22
"35","2006",0.0291142888937196,-2.01474709813361,22
"36","2006",-0.38390647558702,-3.44693555660482,20
"37","2006",-0.00822777772662097,-1.39166520218326,22
"38","2006",0.47214348454081,-1.34523334798957,37
"39","2006",0.502390057572352,-1.09132767571701,26
"4","2006",-0.563810887181011,-1.57526083357943,38
"40","2006",0.226419240666744,-1.60254324785551,31
"41","2006",-0.11933372003343,-1.59663140224904,37
"42","2006",-0.0148158765783595,-1.29694509533294,34
"43","2006",0.253037185977872,-1.79567782262896,23
"44","2006",0.523511720494222,-1.08316095679468,24
"45","2006",0.569795029964963,-1.09958495493108,30
"46","2006",0.485822772092953,-2.53057661309977,25
"47","2006",-0.0105081637905552,-1.66447041056664,30
"48","2006",0.637300303841018,-1.684597678037,35
"49","2006",0.0478510925858253,-1.35898314117037,25
"5","2006",1.11957781927174,-0.349208748475792,28
"50","2006",-0.926695349019436,-1.65666687548033,32
"51","2006",-0.746433504668609,-2.60104667953247,39
"52","2006",-0.941304982436408,-1.94690751175917,46
"53","2006",-0.259786405560558,-2.02514065438876,31
"54","2006",0.329133934859754,-1.47383499611108,36
"55","2006",-1.26596847313328,-0.364319521016541,30
"56","2006",-0.418901459561614,-1.46089498179527,31
"57","2006",0.473154274965326,-1.36162214054014,25
"58","2006",-0.138116992860293,-1.73400100762149,16
"59","2006",-0.973403782492202,-2.43589845241429,27
"6","2006",0.698590091495735,-1.52281263444935,29
"60","2006",0.611245407628329,-1.30182161213241,20
"61","2006",1.04961497554533,-0.6543872859963,18
"62","2006",0.644525447854576,-1.23790661316478,17
"63","2006",0.426854794522139,-1.0475047562205,36
"64","2006",0.753825260290552,-0.803327039865838,24
"65","2006",-1.54308436200111,-3.72915278576273,13
"66","2006",-1.04016398428592,-2.53871999776981,14
"67","2006",-0.185625188052299,-1.04854048433465,30
"68","2006",-0.181730359229863,-0.454475809421877,36
"69","2006",-0.0877723648926123,-2.00832732898199,22
"7","2006",0.256579154507646,-2.01529485977274,38
"70","2006",0.461129778209517,-2.70360614197794,19
"71","2006",0.522948417298431,-0.641568439520796,22
"72","2006",0.387503314227014,-1.55711813560932,17
"73","2006",0.105016547356542,-2.10960455803287,31
"74","2006",0.117753952732909,-2.10892841777089,23
"75","2006",-0.974612030060452,-0.836608476860749,30
"76","2006",-0.691459567828609,-0.497360818999681,35
"77","2006",0.277169605239663,-1.2207161012729,35
"78","2006",0.17116998332173,-1.25626482737854,38
"79","2006",0.361370036335637,-1.31928514549868,11
"8","2006",0.752153748071947,-0.942524398418972,41
"80","2006",-2.83610783295721,-3.41860527575186,9
"9","2006",0.836214512613041,-2.23670214275219,32
"1","2007",-0.00263940045032538,-2.39736189187597,30
"10","2007",0.0859064588840319,-0.935121551511826,33
"11","2007",-1.1977078430577,-0.499107447857174,40
"12","2007",-0.313234802478935,-0.248348975246962,34
"13","2007",-0.840655469753408,-0.691590364057141,28
"14","2007",-0.154303203065951,-0.032126092330614,38
"15","2007",0.576656925017408,-1.15799312751799,32
"16","2007",-0.515659448816339,-1.3810967957311,29
"17","2007",0.243322936411876,-1.53493376903289,12
"18","2007",-0.07309649891542,-1.60668471464216,12
"19","2007",0.81109233094199,-1.69864256877546,30
"2","2007",0.625306564962913,-1.41719205602354,36
"20","2007",0.748133675814984,-0.406810317894543,15
"21","2007",-0.0500836918100466,-2.79222879597529,24
"22","2007",0.637718429069998,-1.65771148582247,28
"23","2007",0.529619740996454,-2.67606508488111,35
"24","2007",0.694163659636729,-0.157571525351717,36
"25","2007",0.671375131614028,-1.89104322442359,22
"26","2007",0.475261094776061,-1.23590772564457,21
"27","2007",-1.5021485873573,-1.45066760015615,21
"28","2007",-1.66522339313965,-0.720580064938637,27
"29","2007",-0.153498810910069,-1.42923428068443,26
"3","2007",-0.32040149190631,-0.461568587496488,37
"30","2007",-0.0350551112456114,-0.969477185586269,32
"31","2007",-0.00266356039838012,-1.08437704097828,28
"32","2007",-0.534550883489674,-1.01826692316411,26
"33","2007",0.39112326344973,-0.137225519828168,29
"34","2007",0.580586384489244,-1.43133319506803,14
"35","2007",-0.282758011961258,-2.81989519650983,13
"36","2007",-0.129311393528699,-2.77770763969443,10
"37","2007",-0.243446032168668,-2.06844288917665,13
"38","2007",0.373456114015122,-0.435797254367697,18
"39","2007",-0.46231908819892,-1.93541318010192,16
"4","2007",-0.716309594896861,-1.50224285475164,36
"40","2007",-0.0557085190706586,-1.61067615399802,28
"41","2007",-0.190973378372243,-2.34762232549178,28
"42","2007",0.168164301187687,-0.320900879200659,21
"43","2007",-0.019053569363497,-1.57507531796944,15
"44","2007",0.322220105437673,-1.68115728231918,25
"45","2007",0.230112342150829,-1.55882616836826,26
"46","2007",0.244039260144407,-2.20185153888425,21
"47","2007",0.54017916067611,-1.48953624149646,22
"48","2007",-0.42274814149379,-0.848887952345801,27
"49","2007",0.513573875560553,-0.651891688339427,24
"5","2007",1.19754195701419,-0.389011320371322,27
"50","2007",-1.15098283307109,-1.9888253973092,24
"51","2007",-0.593295314306435,-3.02810870094838,29
"52","2007",-0.725695596166971,-1.36401015547983,28
"53","2007",-0.955727524980355,-2.53358323172475,21
"54","2007",-0.358136162525709,-1.49136890430723,30
"55","2007",0.485704435917007,-0.368780445738733,25
"56","2007",0.0607219223266133,-1.19069658626595,19
"57","2007",0.335369204408646,-1.17935875688754,20
"58","2007",0.463973470753786,-1.715023793213,12
"59","2007",-0.263835554812243,-1.84663970151543,21
"6","2007",0.819779151184075,-1.22678677218657,29
"60","2007",0.412824928439142,-0.875729142465443,15
"61","2007",1.25472442725785,-0.681452710004157,18
"62","2007",0.1428457701014,-2.12633080557508,18
"63","2007",0.582710415695551,-1.70405404200926,22
"64","2007",0.543206203493039,-1.4978157328842,21
"65","2007",-1.17876179644567,-2.59511763772431,9
"66","2007",-1.56373226241579,-2.71702136915573,13
"67","2007",-0.773536699138394,-0.896827683444766,24
"68","2007",0.391620741866569,-1.41613504819507,28
"69","2007",-0.290162922758737,-2.64372636495974,16
"7","2007",0.698317771820214,-1.1226415965607,32
"70","2007",0.652435912661608,-2.46090530508503,20
"71","2007",0.397965477463364,-0.938557541786584,14
"72","2007",0.0311110221983721,-2.63005307061956,12
"73","2007",-0.910673051001524,-3.67232274653629,22
"74","2007",0.115297187643478,-2.47786886839335,15
"75","2007",-0.537730148099883,-3.4008335812183,25
"76","2007",-0.53345066914027,-2.50002202343037,27
"77","2007",1.10722541885412,-0.125119560660021,22
"78","2007",0.182117618587472,-0.150008415404614,29
"79","2007",0.251622350490291,-1.54610732406198,9
"8","2007",0.303215366594826,-0.0955025052518901,38
"80","2007",-2.8536410954094,-4.12058088078336,7
"9","2007",0.791069132325845,-1.39056957033227,26
"1","2008",-0.344232847089516,-1.60731242336823,31
"10","2008",0.849181790654254,-1.14806510269834,25
"11","2008",-0.398530848383845,-1.46825154896172,29
"12","2008",0.803756473465974,-0.303585520070993,26
"13","2008",-1.05953798570522,0.00803843182390178,23
"14","2008",1.06404761643387,-0.056733802731566,32
"15","2008",1.10326508630099,-1.57527396465562,34
"16","2008",-0.212030006784884,-1.54867904229997,25
"17","2008",0.229728762221011,-2.1132766530062,16
"18","2008",-0.146330208387644,-1.32133802787981,19
"19","2008",0.840921933788251,-1.10614412626183,26
"2","2008",0.520093714852128,-1.68004643898788,35
"20","2008",0.458580622705228,-1.16078233668225,14
"21","2008",-0.178557394407398,-2.61979354549675,18
"22","2008",-0.096799036188209,-1.09788513705318,22
"23","2008",0.791885884648661,-1.50553547619388,28
"24","2008",0.411248273192923,-0.477434341205938,33
"25","2008",0.369221472001697,-1.57780507801999,21
"26","2008",0.425318053719123,-0.829478040024438,22
"27","2008",-0.914071349220876,-1.93717892136465,17
"28","2008",-1.6984872606458,-0.462023966561608,26
"29","2008",0.335993716147759,-2.18286439902337,21
"3","2008",-0.0307616086711786,0.32092991766883,34
"30","2008",-0.215404529209961,-1.45594384146267,28
"31","2008",0.172024811026323,-1.23742042436966,24
"32","2008",0.233398727723197,-0.729663917045191,22
"33","2008",0.646497272495245,-0.139428894786831,21
"34","2008",-0.441769373207707,-0.404897985826367,12
"35","2008",-0.441496150830257,-3.75109397124652,17
"36","2008",0.46858711081152,-1.64657940618026,16
"37","2008",-0.670577926871436,-2.17114325398437,14
"38","2008",0.118154710659505,-2.14484676642887,23
"39","2008",-0.653853663988912,-1.70824713024244,16
"4","2008",-0.729462708246651,-2.04103717143789,24
"40","2008",0.0882935343315631,-1.55140843780808,24
"41","2008",-0.427403985826147,-1.28313992460601,18
"42","2008",0.154598082020033,-1.23845320674723,23
"43","2008",0.00349315199873153,-2.35934428442618,13
"44","2008",1.08195339853531,-0.383336253383456,21
"45","2008",0.210801060556324,-1.22747702713903,23
"46","2008",0.609197996295702,-2.06801564604654,20
"47","2008",0.428044714655818,-0.666939161765959,23
"48","2008",0.832367570483415,-0.890732554089128,25
"49","2008",0.690818442020455,-0.564447121466297,23
"5","2008",1.38215384893285,0.00253496449224882,21
"50","2008",-0.738065963477725,-1.42048747249559,23
"51","2008",-0.164453487650301,-1.13672633794052,31
"52","2008",-0.797777887593906,-2.41796862222207,35
"53","2008",0.218570766967989,-2.14722657870197,27
"54","2008",0.208548533993469,-1.83697071994186,35
"55","2008",0.570563097157029,-0.545778233860582,26
"56","2008",0.173005668817895,-0.488693046981363,23
"57","2008",0.320155063990724,-0.452813029423486,19
"58","2008",0.906382152477494,-0.944338329111072,14
"59","2008",-0.419580586114281,-1.66918408460497,18
"6","2008",0.743991685070605,-0.687648114888324,24
"60","2008",0.259647940173908,-1.34869525526075,11
"61","2008",1.08431952974082,-0.626483489502505,20
"62","2008",-0.126493943678671,-2.0073306579104,12
"63","2008",1.04737354109587,-0.290798512242811,22
"64","2008",0.989805085195602,-0.87006537973944,20
"65","2008",-1.72171900685755,-3.37285703890815,8
"66","2008",-0.87079909565551,-1.5016024770884,9
"67","2008",-0.0575334519576587,-0.433916885485044,24
"68","2008",0.0836583738297826,-0.865850928210126,27
"69","2008",-0.164200126443512,-2.66340181262397,14
"7","2008",0.198262535183542,-2.15964187012898,28
"70","2008",0.520103001364889,-1.96364398133788,16
"71","2008",-0.346644742518392,-1.99924349514163,18
"72","2008",-0.0498981032505327,-2.72188265136141,12
"73","2008",-0.0649676452049996,-2.59807783132934,23
"74","2008",-0.0547903524414758,-2.77673772280144,16
"75","2008",-0.0994543877065173,-1.33423224995153,21
"76","2008",0.314504892561898,-1.19684294229287,31
"77","2008",0.850693335288397,-0.485825928549808,18
"78","2008",-0.681633318798999,-1.00518379701168,32
"79","2008",0.172040137037589,-1.9152716981251,7
"8","2008",0.50271035921771,-0.353227584655918,33
"80","2008",-0.915853791785272,-2.58339955231296,7
"9","2008",0.639160069964108,-1.63473143227163,21
"1","2009",0.335437834080625,-1.92683842421829,30
"10","2009",0.544533974615675,-1.16473790677045,30
"11","2009",-1.39098519792597,-0.690527442628387,37
"12","2009",0.10706621162194,-0.0688567798599701,29
"13","2009",-1.5149390380687,0.595137145392131,22
"14","2009",0.442613507618313,-0.639239699320383,34
"15","2009",-0.00284137855974245,-1.61818091054416,32
"16","2009",-0.63379128823426,-2.09764279516914,34
"17","2009",0.4063263763419,-1.116803239583,21
"18","2009",-0.0134292864204235,-2.06704331810271,17
"19","2009",1.12789953558956,-0.934222602951791,32
"2","2009",0.358866840252566,-1.08120011558634,38
"20","2009",1.36065349245203,-0.261292142073217,26
"21","2009",-0.101250455174233,-3.12519625610023,25
"22","2009",0.936761973340791,-0.592348265566306,33
"23","2009",0.490559538046081,-2.68358162782915,32
"24","2009",0.643215908034031,-0.729313782492341,42
"25","2009",1.15788474250166,-0.654092895917673,27
"26","2009",-0.0547067713918259,-0.804239717796598,23
"27","2009",-1.53939784390417,-1.55774584103065,17
"28","2009",-1.10898016358909,-0.592373350522242,27
"29","2009",-0.187415589867658,-1.52737319274574,22
"3","2009",0.382313331737508,0.143619095594155,39
"30","2009",-0.144532315216626,-1.82771831117637,31
"31","2009",-0.109364122268712,-0.835409430985655,26
"32","2009",0.0470286974335584,-1.12118252916645,23
"33","2009",0.76906938885855,-0.219575344844674,19
"34","2009",0.438428726259067,-2.07131958689518,20
"35","2009",0.567614875828126,-1.92001354309886,21
"36","2009",0.0271928625732289,-2.82538157726016,19
"37","2009",-0.0617739418254777,-2.52834037220389,19
"38","2009",0.477033789246145,-0.587161158577225,34
"39","2009",0.824697379133173,0.292975186491376,21
"4","2009",-0.891230753944603,-1.32602661192613,31
"40","2009",-0.126501294689652,-1.89255501683819,34
"41","2009",-0.57437153163378,-0.937858092807096,30
"42","2009",-0.359580748031082,-0.992700831790762,29
"43","2009",0.137479477612068,-2.0939033621807,18
"44","2009",0.809185951249786,-0.298910016731719,20
"45","2009",-0.0543019581126539,-1.82235926529699,23
"46","2009",0.165493095190714,-2.12207210421581,20
"47","2009",0.267623729468199,-0.482531672146157,23
"48","2009",0.454336707770883,-1.27009333015087,27
"49","2009",0.0920415604570981,-0.726805558274736,25
"5","2009",1.46093726641152,-0.37717094303118,30
"50","2009",-1.54193892303641,-0.855813473808289,30
"51","2009",0.0058444341155848,-2.93197589563579,34
"52","2009",-1.85360801200191,-0.910364261825111,40
"53","2009",0.649581643986751,-0.839763596476741,29
"54","2009",-0.177001225532716,-1.61194138873023,32
"55","2009",0.633321568204784,-0.480109503626444,28
"56","2009",0.747157694464503,-0.347346044257399,32
"57","2009",0.538566374867099,-1.39591498168693,24
"58","2009",0.562185559021938,-2.13599455988676,15
"59","2009",-1.39357231263414,-2.26710943353841,30
"6","2009",0.887089315664699,-1.11676015192031,30
"60","2009",0.240758393399376,-0.932725690836348,18
"61","2009",0.949314779763954,-0.629870426151882,24
"62","2009",-0.0946231040288354,-2.76366233032233,17
"63","2009",1.2336507462701,-1.70335826373559,40
"64","2009",0.942514518636802,-1.6803760643916,23
"65","2009",-0.0179122813617013,-1.97810063553175,12
"66","2009",-0.21095167875459,-1.73742289294144,11
"67","2009",0.527804133562425,0.189427846396599,22
"68","2009",-0.0750250082903608,-1.57043023726828,25
"69","2009",-0.0146069613257569,-2.94466228529404,16
"7","2009",0.816274333951229,-1.60817334813386,38
"70","2009",0.74056741550501,-2.17170109679975,20
"71","2009",0.408535750587349,0.276562379565827,32
"72","2009",-0.298724088839483,-1.56590377009243,28
"73","2009",-0.0411669201468364,-2.34451313566189,30
"74","2009",0.120018594008195,-2.59618117723618,22
"75","2009",-0.00510271603220879,-1.87297862174452,25
"76","2009",-0.166805956926055,-1.45921009730288,28
"77","2009",0.633335034536695,0.563548953947162,25
"78","2009",0.0281334615164216,-0.326045677515813,31
"79","2009",0.300151824207686,-2.27801995578411,14
"8","2009",1.25264258657201,-0.360576907728659,36
"80","2009",0.0847861681670241,-1.79509124605951,16
"9","2009",1.03179252098262,-1.11154100078238,22
"1","2010",-0.476457607544122,-2.67728374196747,27
"10","2010",0.753530731052805,-0.876675708613707,32
"11","2010",-0.154441900346759,-0.183931792148874,40
"12","2010",0.647085608782736,0.331527414426521,33
"13","2010",-1.50272188830199,0.379792844413177,26
"14","2010",0.132175453335178,-0.469285054980459,39
"15","2010",0.100862240429652,-1.85340400444938,34
"16","2010",-0.02192213565333,-1.79829025509903,30
"17","2010",-0.0870210303534823,-1.63387164296666,23
"18","2010",-0.437932950123379,-0.00809241489208659,22
"19","2010",0.898401063052974,-1.47785960302073,32
"2","2010",0.868073586186043,-1.62714159480277,36
"20","2010",1.15848682610491,-0.742862882451029,17
"21","2010",0.0329221644560317,-0.787945277991427,23
"22","2010",0.678206235526629,-0.16493702700975,33
"23","2010",1.42601117499695,-1.10622740069183,37
"24","2010",1.00350355617037,-1.05930090423244,39
"25","2010",1.08401663031991,-1.67230212304482,32
"26","2010",0.758576368868167,-0.10224478571103,26
"27","2010",-3.29218541142972,-1.49956011730977,20
"28","2010",-1.32552123452753,-0.782242044924647,27
"29","2010",-0.349283043555453,-2.08734470459722,28
"3","2010",-0.022246692228035,-0.0751972566507672,41
"30","2010",-0.154161341192171,-1.35006041472978,34
"31","2010",0.640273757320333,-1.64854140540353,26
"32","2010",0.101305395881631,-1.03379435916315,24
"33","2010",0.654308401326848,-0.803897785591869,25
"34","2010",0.599951467646275,-2.17083344858901,21
"35","2010",0.00876682117261024,-2.55073093128857,18
"36","2010",-0.187483138607709,-2.81772414289327,14
"37","2010",-0.57837551568769,-3.78201395388232,25
"38","2010",-0.300642117945244,-2.31451710243816,33
"39","2010",0.450574255741197,-1.00562503808772,31
"4","2010",-0.240107737057219,-2.09846962059926,28
"40","2010",0.655667887431407,-1.48062124278814,37
"41","2010",-0.222852148289693,-1.99943666438667,33
"42","2010",-0.786241753499483,-1.43022753540112,29
"43","2010",-0.211540313020232,-2.68953329732726,19
"44","2010",1.65745701015719,0.267291900627637,28
"45","2010",0.348207004748188,-1.71031457297297,33
"46","2010",0.364974777370611,-2.36334149955837,23
"47","2010",0.574264037753413,-0.670684102589779,26
"48","2010",0.966369442674664,-1.48990531502688,29
"49","2010",0.235752177508599,-0.855521826149005,24
"5","2010",1.19161510859089,-0.365844458831492,33
"50","2010",-1.40544768082698,-1.61057305550634,28
"51","2010",-0.547805547498711,-3.49072697624987,37
"52","2010",-1.32660152387778,-1.67682750947703,40
"53","2010",0.389087542255481,-1.15404937369956,31
"54","2010",0.383599938403943,-1.93178244676957,35
"55","2010",0.92386692805555,-0.264310725956026,26
"56","2010",0.506590363331018,-1.2010485721136,34
"57","2010",0.144842888885255,-2.20045994418037,27
"58","2010",0.424242122547973,-1.75449880906587,19
"59","2010",-1.79304629116817,-1.81575152481682,32
"6","2010",0.884760428995645,-0.528491406772515,29
"60","2010",-0.0442604124279251,-1.53966078695401,21
"61","2010",-0.163935336845949,-0.932316744683672,27
"62","2010",0.46073686799571,-1.51323215558765,19
"63","2010",0.755974481139451,-1.15284576102672,37
"64","2010",0.80445031479936,-0.862705076945396,28
"65","2010",-1.81426239903433,-3.98504142581105,10
"66","2010",-0.185930946663875,-1.73742289294144,11
"67","2010",0.416559012535369,-1.00247269981166,29
"68","2010",0.331585260177775,-2.22129574150691,35
"69","2010",0.688887942384177,-1.84525630836212,23
"7","2010",0.247051826919901,-0.738649932600113,42
"70","2010",0.541403500005882,-1.31713464119717,26
"71","2010",0.000787250742230393,-0.624442386626419,29
"72","2010",-1.17163311632533,-2.29305313268798,27
"73","2010",-0.414467808103462,-3.81347530021085,30
"74","2010",-0.341404480687899,-2.3229195835763,18
"75","2010",-0.808632828550719,-2.9555430450198,32
"76","2010",-0.725889967112893,-2.89293046974145,34
"77","2010",0.710721774320681,-0.321804666223375,31
"78","2010",-1.7069850134989,-2.85495579496186,37
"79","2010",0.0198816934511134,-1.57331810574755,17
"8","2010",0.697602396300689,-0.467029325994739,45
"80","2010",0.0481300354069882,-2.36595478352507,15
"9","2010",0.432541141139767,-1.29821396717941,26
"1","2011",0.518231648447115,-1.51928012734086,29
"10","2011",0.930145841781394,-0.376155267690058,31
"11","2011",-0.867278896452905,-0.634958167149349,46
"12","2011",-0.112398409661258,-0.447471035045753,32
"13","2011",-1.49127493119908,-0.207526178008263,25
"14","2011",0.0461951148720264,0.224594563329641,34
"15","2011",-0.0599894578594139,-1.45338809440949,34
"16","2011",-0.639609642951981,-1.47976184414903,36
"17","2011",0.569236834066383,-1.41321130647755,20
"18","2011",-0.412389568242361,-2.06397679845117,16
"19","2011",0.55271029362076,-1.84823095170269,29
"2","2011",0.53866209981723,-1.26012457826152,31
"20","2011",1.34306823129659,-0.561965631664237,16
"21","2011",-0.23681813340527,-2.5228723573592,22
"22","2011",0.155308763517495,-0.35398594157385,32
"23","2011",0.292100891804454,-2.33013960048639,30
"24","2011",0.889559750011305,-0.873070709260935,36
"25","2011",0.635458834050013,-1.45539653487447,26
"26","2011",0.191744789207497,-1.10173837984906,22
"27","2011",-1.53167587373585,-1.40578980808488,20
"28","2011",-1.14187091843419,-0.818152512521828,27
"29","2011",-0.971009737532752,-2.37061736310226,29
"3","2011",0.118082233532191,-1.07099416817554,33
"30","2011",-0.151218796474268,-1.89111278802541,29
"31","2011",-0.060248822740269,-1.51124241556646,24
"32","2011",-0.244302527451431,-2.02781568565255,22
"33","2011",0.672246719811887,-0.521592769588358,22
"34","2011",0.790779097532801,-1.72581018223999,15
"35","2011",-0.340663701816018,-2.89702801666841,18
"36","2011",-1.05468862960756,-2.80475912740219,11
"37","2011",-0.711876987592224,-3.06705007918505,15
"38","2011",-0.648773685141821,-2.08295894532293,27
"39","2011",-0.673717158129473,-0.0509242190864406,26
"4","2011",-0.327199925615926,-1.67871696975971,35
"40","2011",0.114943761354429,-1.81189405838327,28
"41","2011",0.0683988892154503,-1.73879040701009,22
"42","2011",-0.316055198392267,-2.63661209097011,21
"43","2011",-0.276505717494337,-3.32448685607201,18
"44","2011",0.910288533035024,-0.264819123074962,18
"45","2011",-0.242724686297562,-2.32257923715284,23
"46","2011",0.489565185245968,-1.88537823646333,21
"47","2011",0.162066519254312,-0.681054847679169,25
"48","2011",0.395091956200849,-0.960608860516855,30
"49","2011",0.489363475408267,-0.762669609491656,23
"5","2011",1.21885363897223,-0.735851923281982,31
"50","2011",-0.329302296646267,-2.0676598640341,26
"51","2011",-0.643154615487327,-2.54112606908747,31
"52","2011",-0.472190660529571,-1.46068593508952,38
"53","2011",-0.51864525852253,-1.92148269872751,27
"54","2011",0.177309358865114,-1.39450755930626,35
"55","2011",0.382642631235008,-0.417379523114582,31
"56","2011",0.0265990942609723,-1.73390147496229,30
"57","2011",0.599623254175275,-1.91845428763575,30
"58","2011",0.384651742308545,-0.931887847380019,18
"59","2011",-0.439112964766977,-1.56821491465618,28
"6","2011",0.94536633924441,-1.03206956517012,32
"60","2011",0.234202430802993,-1.41150672600077,17
"61","2011",0.782874103126143,-1.2896443094017,24
"62","2011",0.481285609693592,-2.05641976909317,18
"63","2011",0.128133495741292,-0.562873934015849,30
"64","2011",0.646815027195179,-1.83233876642565,27
"65","2011",-1.67174588076295,-3.0310964794213,10
"66","2011",-1.51471129281466,-2.22210672827637,11
"67","2011",0.346985021148107,-1.57634771511446,21
"68","2011",0.456243798950869,-1.51378137365148,30
"69","2011",0.196022264627127,-1.76289219942276,17
"7","2011",-0.225985943536994,-0.421716457231964,32
"70","2011",0.844163900000215,-1.73361259590008,18
"71","2011",-0.115086258029489,-0.72931370471153,22
"72","2011",-0.435434442284627,-2.83633420821779,23
"73","2011",-0.43575882803592,-3.5048228340714,24
"74","2011",0.400808281621715,-1.90437918894158,17
"75","2011",-0.656864238349702,-1.94783274821816,28
"76","2011",0.052631803946295,-2.60683194276644,25
"77","2011",1.02731584149115,-0.166669175773061,25
"78","2011",-0.230538131773818,-2.15258806216871,33
"79","2011",0.46605267927896,-0.864192882348138,10
"8","2011",0.0836973284840187,-0.0293013911217932,36
"80","2011",0.507871026923381,-0.573003512381374,10
"9","2011",0.277261681954616,-1.3138250715859,17
"1","2012",-0.0338622402888122,-1.91553796851634,24
"10","2012",0.156390514644078,-0.338935551208734,26
"11","2012",-0.270700182188956,-0.680534870902204,38
"12","2012",0.120627266088629,-0.788372664896418,30
"13","2012",-1.75185336980769,0.368813888534746,22
"14","2012",0.556917327974926,-0.188343423209788,34
"15","2012",0.273396224957671,-0.636759084704252,31
"16","2012",-0.0777400446419534,-2.52278542162689,25
"17","2012",0.468145938314918,-1.32544940359001,22
"18","2012",-0.326281932645822,-0.485579193882225,25
"19","2012",0.148304223639012,-1.40161485734875,32
"2","2012",0.837085861280876,-1.49495100105215,33
"20","2012",0.75660646161678,-1.36931166791623,16
"21","2012",-0.140832616755302,-2.0606281599365,23
"22","2012",0.0692366742522295,-1.49232794387337,36
"23","2012",0.84062376215651,-1.25942191189787,33
"24","2012",0.714447173846632,-0.993299602475903,35
"25","2012",1.02394999178809,-1.27164476320198,28
"26","2012",-0.373875066855264,-0.949554292662639,22
"27","2012",-2.18926571493455,-1.60439946093793,17
"28","2012",-1.54445934293346,-1.17935086900236,21
"29","2012",-1.04549753654737,-2.529434427475,27
"3","2012",-0.0154516516782134,-0.114224808353722,35
"30","2012",0.267563333797729,-0.81174669632117,27
"31","2012",1.01756244077772,-1.11854267620637,23
"32","2012",0.535477229956678,-1.50325113530466,11
"33","2012",0.380261361004714,-0.249666435155655,20
"34","2012",0.254634998058299,-2.12072329579608,14
"35","2012",-0.903131342931989,-2.88299646333087,10
"36","2012",0.374317729682408,-1.72810967906869,10
"37","2012",0.417038859087211,-1.1180461662349,9
"38","2012",-0.233150705073826,-2.4272368708424,26
"39","2012",-0.482724047504264,-1.20082213637956,19
"4","2012",0.425936740654396,-1.83158681022925,23
"40","2012",0.186795042446607,-2.05444520904907,24
"41","2012",0.219971703479521,-1.70894190364216,31
"42","2012",0.354610911583107,-1.82178897420061,23
"43","2012",0.311369687722041,-2.68916873551531,14
"44","2012",0.119029140287271,-0.932085081547475,11
"45","2012",0.0461693634967317,-2.01266952460824,16
"46","2012",0.192538178504673,-1.99661570349078,18
"47","2012",0.740286029605271,-1.12277791870423,17
"48","2012",0.0532553107247371,-1.59064536557214,21
"49","2012",0.284244731192632,-0.873426423071464,23
"5","2012",1.41829899203367,-0.010675570768073,25
"50","2012",0.102021776987822,-1.86523532821264,13
"51","2012",0.195419288886055,-2.6727517579346,22
"52","2012",-0.470923464132957,-2.27018044865642,22
"53","2012",0.0606130670379534,-2.12835188402877,23
"54","2012",0.0924300170809567,-2.1340425501246,27
"55","2012",1.0175126490352,-0.828390177784372,27
"56","2012",0.279961021897157,-0.971724678312166,26
"57","2012",0.416950796235305,-1.56059262806394,21
"58","2012",0.881669550743236,-0.737133049653893,14
"59","2012",0.347984800213341,-1.45588316763388,16
"6","2012",0.216195757131939,-0.375541694041979,21
"60","2012",0.508555746538599,-1.71127971254452,18
"61","2012",0.906080149517765,-1.07434526435635,21
"62","2012",-1.9643206498499,-3.04022464533914,10
"63","2012",-0.0254451611893092,-1.77845063220123,33
"64","2012",0.425037871620302,-1.50508747259457,14
"65","2012",-1.48605390745612,-2.18543279523858,9
"66","2012",-1.46186489122257,-2.21141489389663,8
"67","2012",-0.0643780809249466,-1.43574356831943,23
"68","2012",0.662180956810202,-2.06078717640461,27
"69","2012",0.723475546570838,-2.275893624161,16
"7","2012",0.135543329421979,-0.423165459254825,26
"70","2012",-0.304369001961769,-1.94251616557257,12
"71","2012",0.0406483824640134,-1.22582642376604,26
"72","2012",-0.438808579790842,-3.36054827738574,19
"73","2012",0.234167196605796,-2.52570531368622,25
"74","2012",0.558826407622166,-2.04649563331556,20
"75","2012",-1.33937728967197,-2.21858868352841,26
"76","2012",0.506927511042622,-2.14768411375261,22
"77","2012",0.926031751432205,-0.553965414512259,27
"78","2012",-0.494276610558192,-1.25540471787456,35
"79","2012",0.666242626129384,-1.0872000198097,12
"8","2012",-0.401560454343477,0.17707193609717,39
"80","2012",-1.34830219818746,-3.29083429591667,9
"9","2012",0.914110968107039,-0.658434252954881,27
"1","2013",-0.368191742986263,-2.43256385676134,28
"10","2013",0.167311542434009,-1.041152529654,24
"11","2013",-0.252646813934739,-1.09416174293878,39
"12","2013",0.142314979948313,-0.33460285471409,31
"13","2013",-1.16638874081616,0.15521862535456,23
"14","2013",0.293896715513974,0.394208498079589,35
"15","2013",-0.38532647186084,-2.0939409033252,30
"16","2013",-0.281997658295226,-2.61715725390336,30
"17","2013",0.529905632592967,-1.82601937751422,19
"18","2013",-0.0805430083651416,-0.655350931926212,24
"19","2013",0.852623510708281,-1.60090485664098,28
"2","2013",0.605542947162158,-1.71391835173647,30
"20","2013",1.58841239412073,0.242124705891267,16
"21","2013",0.0246275478893521,-2.66595077440088,22
"22","2013",0.319105268794526,-1.8677539550383,30
"23","2013",0.8020323157009,-1.52740584553678,26
"24","2013",0.636301625833292,-0.435734117507514,38
"25","2013",0.374728158505683,-1.21154321854802,29
"26","2013",0.260393187772494,-0.937891235415998,23
"27","2013",-1.22719432787727,-1.73819542486297,21
"28","2013",-0.475655579378406,-1.02572023684267,23
"29","2013",-0.088252563603665,-2.07610663088173,26
"3","2013",-0.188192302894166,-0.593978647496623,40
"30","2013",0.281561576684357,-1.83596942729855,28
"31","2013",0.270829672601876,-1.17022918887991,23
"32","2013",-0.106878770861203,-2.06618811727756,18
"33","2013",0.0986489176920598,-1.10868939719887,26
"34","2013",0.444077285974892,-1.4101703643597,16
"35","2013",-0.289259296617782,-3.1375057421646,13
"36","2013",-0.0451285105285451,-2.64252214789382,13
"37","2013",-0.175576547416603,-2.7288189736853,12
"38","2013",-0.0219614650289254,-1.92414969757819,27
"39","2013",-0.179561120852379,-1.66674803385263,26
"4","2013",0.63751645299838,-1.81834461367852,25
"40","2013",0.144418766633559,-1.67085903531612,23
"41","2013",-0.822202582116199,-1.3739303381412,28
"42","2013",-0.223858890261464,-0.968857261269047,27
"43","2013",-0.199428842728938,-2.5271001952829,17
"44","2013",0.511678900870528,-1.7462476638462,19
"45","2013",-0.167342323076342,-1.40265616902544,23
"46","2013",0.313173637972282,-2.02008952616044,21
"47","2013",0.718276435276521,-1.53408219172166,18
"48","2013",0.685664818739056,-0.910397703751971,24
"49","2013",-0.402463767881736,-1.00118082122983,23
"5","2013",1.42834412792521,0.0644221342376025,32
"50","2013",-0.28928672634331,-1.41613065441382,20
"51","2013",-0.00842157938151448,-2.85108552566343,31
"52","2013",-0.511673695952427,-1.2769157629732,29
"53","2013",0.555373537832433,-1.85230499649815,23
"54","2013",0.51784130820141,-1.60912305783819,34
"55","2013",0.861238341235948,-0.847012946753836,24
"56","2013",0.0628502042097412,-0.879919278276503,28
"57","2013",0.0711562956309084,-1.68217422991546,23
"58","2013",-0.14854447794104,-1.82556721286324,15
"59","2013",0.0704722235605586,-1.70215678951659,18
"6","2013",0.734702419817483,-1.16269389166502,32
"60","2013",0.70666679759554,-1.09887375416376,18
"61","2013",0.0628703180448349,-1.43830886640469,20
"62","2013",0.168983107470199,-1.67691299515603,10
"63","2013",-0.264896997064016,-1.09172123659425,34
"64","2013",0.286238986051215,-2.61294847854074,23
"65","2013",-2.76203733927392,-2.96326268079474,5
"66","2013",-0.293289917413317,-1.67339515677377,11
"67","2013",0.312355086028773,-1.10364954519605,21
"68","2013",0.177152356729086,-1.76126568069738,27
"69","2013",0.466373075097188,-2.73912151677401,18
"7","2013",-0.591127546139823,-0.940597999086617,38
"70","2013",1.05779670380109,-1.38948141446988,18
"71","2013",0.344202646653731,-1.74250504473175,26
"72","2013",0.05033148081614,-2.21642572622921,24
"73","2013",0.115529144787269,-2.20879793609925,26
"74","2013",-0.319233257382321,-2.80394278440404,14
"75","2013",-0.588228533411602,-2.65999190953762,28
"76","2013",-0.392660579284945,-2.03412953354782,28
"77","2013",0.739168197980442,0.144197093917718,21
"78","2013",-0.190391524705816,-1.51379141979753,25
"79","2013",-0.279552480402899,-1.97980680783567,8
"8","2013",-0.145402639968327,-0.359086017785379,42
"80","2013",-0.569627410528811,-1.69777898714455,7
"9","2013",-0.86103941698799,-0.635420485609136,21
"1","2014",0.0326794530091306,-0.613789843944932,28
"10","2014",0.722437063444386,-0.886563288136862,24
"11","2014",-0.535617147632543,-1.119106533086,37
"12","2014",-0.501896091127254,-0.103532524849888,32
"13","2014",-1.02912907265783,0.463104697175082,24
"14","2014",1.02097676893595,0.42632382046908,37
"15","2014",0.300089094315769,-1.18089629932735,32
"16","2014",-0.319132965787546,-1.51976836998718,30
"17","2014",0.668409628466493,-0.406470563266813,20
"18","2014",0.240921420241455,-0.638512064769219,26
"19","2014",0.606419343524656,-1.32091376704359,31
"2","2014",0.333762007073865,-1.04338321341474,35
"20","2014",1.07754922516751,-0.400060277783876,11
"21","2014",0.0731940951532069,-1.44473430178304,23
"22","2014",0.770961585296186,-1.09354974374506,33
"23","2014",0.875896526490015,-1.83408600203954,35
"24","2014",1.40006570238181,-0.465501276491028,36
"25","2014",1.11734009988667,-0.584551693487237,30
"26","2014",0.588103389002752,-0.694193150311341,23
"27","2014",-0.894254113563129,-1.62473761021204,20
"28","2014",-0.474137691258721,-1.47517538561313,25
"29","2014",-0.985798867054153,-1.46841001800177,22
"3","2014",-0.868933528403609,0.335767491463592,42
"30","2014",-0.000952773618309304,-0.813986274195868,32
"31","2014",0.327495284314574,-1.31618216803922,25
"32","2014",0.230345633330445,-1.1318841402974,17
"33","2014",0.654489738454493,-0.255468232521603,22
"34","2014",0.626976616217763,-1.36195964951304,15
"35","2014",0.650974855647853,-0.43579993904363,11
"36","2014",0.00959899654264955,-1.39070193682818,17
"37","2014",0.366608280129593,-0.815398646460154,18
"38","2014",-0.0684396921453674,-1.83948694625453,33
"39","2014",-0.341717313082714,-1.2618304571846,26
"4","2014",0.108139077321754,-1.06497194619344,28
"40","2014",0.259635281205307,-1.54002213199027,24
"41","2014",-0.103625756192317,-1.55537973124619,27
"42","2014",0.350558552062838,-1.23260930022464,21
"43","2014",0.406188527430731,-2.70061212860186,16
"44","2014",0.77888212701021,-0.437488764794569,19
"45","2014",0.355697975486455,-1.35994301635676,27
"46","2014",0.330668992963712,-1.66953254325441,18
"47","2014",1.02352612489083,-0.970195363735551,22
"48","2014",0.896275230067588,-1.1462571799324,28
"49","2014",0.454281401827218,-0.453668220944105,23
"5","2014",0.765397305199409,-1.02424539137272,26
"50","2014",-1.03416764994551,-1.34551473001531,25
"51","2014",-0.364648294846055,-2.43151866470815,34
"52","2014",-0.635588211128116,-1.0805065005819,37
"53","2014",0.0682719617666809,-1.98703846773891,28
"54","2014",0.507274078842585,-1.45179790718351,32
"55","2014",0.0343775912257585,-0.894023389024787,31
"56","2014",-0.113716583076091,-0.691485750401472,28
"57","2014",0.647300527742775,-1.44847566526299,25
"58","2014",0.761508722504975,-1.28345798791741,13
"59","2014",0.193484523589393,-1.33800604761785,16
"6","2014",0.49950026421028,-1.12957011154715,31
"60","2014",0.136279483081394,-1.6976767667998,21
"61","2014",0.744870935307145,-1.83167254411729,22
"62","2014",0.438954399367289,-1.59928985734294,13
"63","2014",0.952576854632489,-1.1110501537776,31
"64","2014",0.96455618686426,-1.30754713397962,23
"65","2014",-0.0836568387931522,-2.07108629998031,9
"66","2014",-0.245419695791948,-1.67339515677377,11
"67","2014",0.635855812010393,-0.0333303081416839,24
"68","2014",0.372516108162948,-2.89469830077271,25
"69","2014",0.950590285264896,-1.40253799311588,18
"7","2014",-0.893459490175021,-0.426374342210931,33
"70","2014",0.752528258690304,-1.92495193784252,15
"71","2014",0.272798321585704,-0.177131742914791,28
"72","2014",-0.265310895503679,-1.9549794374106,19
"73","2014",0.368267515855934,-1.88289139749591,29
"74","2014",0.474008472459518,-1.32239190169341,12
"75","2014",-0.177062058235383,-2.16634990417542,26
"76","2014",-0.0804365708657677,-1.91112982467027,28
"77","2014",1.15439284987252,0.938633489630087,21
"78","2014",0.0417529492891408,-0.670224438681264,30
"79","2014",0.199703159230735,-1.15437958026686,10
"8","2014",-0.114198407613814,0.0773580225665938,36
"80","2014",-0.442410963632917,-1.86979515783452,10
"9","2014",0.0728973650902336,0.160270152451782,25
