Site/Project: McLaughlin 80 sites,,,,,,,,,,,
Experiment: Temporal stability,,,,,,,,,,,
Date: Data collected 2009-2010,,,,,,,,,,,
Data description: Trait values,,,,,,,,,,,
Protocols: Traits were collected and measured following the methods of Cornelissen et al. 2003,,,,,,,,,,,
CVS file & path,,,,,,,,,,,
Names of data takers: Harrison Lab,,,,,,,,,,,
"Column info: species, ecotype, height, specific leaf area, leaf area, wet weight, dry weight, leaf water content, carbon:nitrogen, nitrogen, carbon, and functional group",,,,,,,,,,,
"Definitions & Abbreviations: For species and ecotype: s=serpentine, n=non-serpentine, sla = specific leaf area, wgt=weight, lwc = leaf water content, CN  = carbon to nitrogen, N=nitrogen, C = carbon, fnc_grp = functional group",,,,,,,,,,,
species,ecotype,height,sla,area,wet_wgt,dry_wgt,lwc,CN,N,C,fnc_grp
achillea_millefolium_n,n,77.2,138.1140268,73.159,1.3186,0.5297,0.598286061,18.18981481,2.16,39.29,perennial forb
achyrachaena_mollis_n,n,17.4,248.3596215,7.873,0.1996,0.0317,0.841182365,19.32323232,1.98,38.26,annual forb
achyrachaena_mollis_s,s,11.1,193.9346874,48.697,1.7951,0.2511,0.860119213,16.65765766,2.22,36.98,annual forb
aegilops_triuncialis_s,s,49,242.006079,15.924,0.2017,0.0658,0.67377293,63.23076923,0.52,32.88,annual grass
agoseris_grandiflora_n,n,14.5,186.6885893,113.544,4.0557,0.6082,0.850038218,17.28151261,2.38,41.13,annual forb
agoseris_grandiflora_s,s,23.9,159.8564955,84.66,2.7917,0.5296,0.810294802,19.28,1.5,28.92,annual forb
agoseris_heterophylla_n,n,30.4,197.3976608,13.502,0.3501,0.0684,0.804627249,19.20093458,2.14,41.09,annual forb
agoseris_heterophylla_s,s,12.5,342.641844,19.325,0.3141,0.0564,0.820439351,38.21,1,38.21,annual forb
aira_caryophyllea_n,n,19.4,183.7037037,0.496,0.0048,0.0027,0.4375,43.12371134,0.97,41.83,annual grass
aira_caryophyllea_s,s,18.2,309.3442623,1.887,0.0252,0.0061,0.757936508,77.40384615,0.52,40.25,annual grass
allium_falcifolium_s,s,4.4,117.4246183,123.061,8.7644,1.048,0.880425357,14.98951049,2.86,42.87,perennial forb
allium_fimbriatum_s,s,15.9,101.2526158,33.869,1.9817,0.3345,0.831205531,15.58076923,2.6,40.51,perennial forb
allium_serra_n,n,25.5,99.66292135,81.604,5.3591,0.8188,0.847213151,34.4,1.15,39.56,perennial forb
amsinckia_menziesii_n,n,46.2,180.0901917,15.974,0.3931,0.0887,0.77435767,13.56097561,2.87,38.92,annual forb
amsinckia_menziesii_s,s,15.9,188.503612,18.266,0.6177,0.0969,0.843127732,14.63601533,2.61,38.2,annual forb
anagallis_arvensis_n,n,10.95,316.7251462,10.832,0.2065,0.0342,0.834382567,21.93333333,1.95,42.77,annual forb
anagallis_arvensis_s,s,10.1,390.9952607,8.25,0.1476,0.0211,0.85704607,21.14583333,1.92,40.6,annual forb
ancistrocarphus_filagineus_n,n,4.4,277.1794872,1.081,0.0184,0.0039,0.788043478,24.31724138,1.45,35.26,annual forb
ancistrocarphus_filagineus_s,s,2.4,172.893617,4.063,0.0293,0.0235,0.197952218,41.47368421,0.57,23.64,annual forb
aphanes_occidentalis_n,n,3.7,308.2352941,1.048,0.0112,0.0034,0.696428571,46.76136364,0.88,41.15,annual forb
aphanes_occidentalis_s,s,5.7,503.5087719,2.87,0.0252,0.0057,0.773809524,46.76136364,0.88,41.15,annual forb
asclepias_fascicularis_s,s,28,168.3571429,28.284,0.8619,0.168,0.805081796,51.87341772,0.79,40.98,perennial forb
astragalus_breweri_s,s,6,241.6831683,2.441,0.0708,0.0101,0.857344633,10.79899497,3.98,42.98,annual forb
astragalus_gambelianus_n,n,5.2,167.7705977,10.385,0.1867,0.0619,0.668452062,14.9023569,2.97,44.26,annual forb
astragalus_gambelianus_s,s,6.01,204.7292818,18.528,0.4721,0.0905,0.808303326,12.38904899,3.47,42.99,annual forb
astragalus_rattanii_var_jepsonianus_n,n,17,166.7839506,27.019,0.9078,0.162,0.821546596,12.12693498,3.23,39.17,annual forb
athysanus_pusillus_n,n,16.7,256.0784314,2.612,0.0622,0.0102,0.836012862,28.68253968,1.26,36.14,annual forb
athysanus_pusillus_s,s,16.5,179.2666667,10.756,0.4253,0.06,0.858923113,16.42035398,2.26,37.11,annual forb
avena_barbata_n,n,38,225.6026365,23.959,0.3656,0.1062,0.7095186,56.76388889,0.72,40.87,annual grass
avena_barbata_s,s,35.5,135.4147865,39.013,0.858,0.2881,0.664219114,34.84259259,1.08,37.63,annual grass
avena_fatua_n,n,56.8,221.0851506,42.581,0.631,0.1926,0.694770206,33.31623932,1.17,38.98,annual grass
avena_fatua_s,s,73.1,194.0969751,43.633,0.6841,0.2248,0.671393071,35.59433962,1.06,37.73,annual grass
bellardia_trixago_s,s,9.3,133.3435115,8.734,0.2608,0.0655,0.748849693,37.81132075,1.06,40.08,annual forb
brassica_nigra_n,n,154.9,201.2281915,901.945,27.3363,4.4822,0.836034869,14.43010753,2.79,40.26,annual forb
briza_minor_n,n,8.9,387.5061125,15.849,0.2007,0.0409,0.796213254,36.77876106,1.13,41.56,annual grass
brodiaea_elegans_n,n,17.9,118.7161342,58.717,3.0043,0.4946,0.835369304,40.7628866,0.97,39.54,perennial forb
brodiaea_elegans_s,s,10.4,122.3929882,30.023,1.9038,0.2453,0.871152432,40.7628866,0.97,39.54,perennial forb
bromus_carinatus_s,s,112.3,135.4582433,106.565,2.8174,0.7867,0.720770924,19.37619048,2.1,40.69,perennial grass
bromus_diandrus_n,n,77.2,251.4792899,204,4.099,0.8112,0.802098073,17.17721519,2.37,40.71,annual grass
bromus_diandrus_s,s,42.6,265.004817,55.015,0.8783,0.2076,0.763634294,17.17721519,2.37,40.71,annual grass
bromus_hordeaceus_n,n,36.7,302.4736842,11.494,0.1437,0.038,0.735560195,37.54639175,0.97,36.42,annual grass
bromus_hordeaceus_s,s,48.2,235.3691275,3.507,0.0373,0.0149,0.600536193,66.15,0.6,39.69,annual grass
bromus_laevipes_n,n,85.5,329.424145,112.696,1.363,0.3421,0.749009538,21.55612245,1.96,42.25,perennial grass
bromus_madritensis_n,n,27.8,313.1415929,7.077,0.0888,0.0226,0.745495495,36.18269231,1.04,37.63,annual grass
bromus_madritensis_s,s,19,193.2033248,30.217,0.5071,0.1564,0.69157957,32.73228346,1.27,41.57,annual grass
calandrinia_ciliata_s,s,2.59,195.5813953,8.41,0.3983,0.043,0.892041175,18.52132701,2.11,39.08,annual forb
calochortus_luteus_n,n,23.1666667,204.7244806,22.663,0.6989,0.1107,0.841608242,24.86982249,1.69,42.03,perennial forb
calochortus_luteus_s,s,15.8,254.8820755,10.807,0.2336,0.0424,0.818493151,40.22857143,1.05,42.24,perennial forb
calochortus_superbus_n,n,27.3,255.4,8.939,0.2199,0.035,0.840836744,31.1119403,1.34,41.69,perennial forb
calochortus_superbus_s,s,16.6,236.507177,9.886,0.2324,0.0418,0.820137694,38.47663551,1.07,41.17,perennial forb
calycadenia_pauciflora_s,s,30,99.72148541,7.519,0.312,0.0754,0.758333333,23.65853659,1.64,38.8,annual forb
camissonia_graciliflora_n,n,5.1,127.9002079,30.76,1.1018,0.2405,0.78172082,17.26811594,1.38,23.83,annual forb
camissonia_graciliflora_s,s,6.76,151.6122004,20.877,0.6766,0.1377,0.796482412,18.57603687,2.17,40.31,annual forb
cardamine_oligosperma_n,n,15.5,279.5645161,34.666,0.7214,0.124,0.828112004,9.366292135,4.45,41.68,annual forb
carduus_pycnocephalus_n,n,55.8,163.0271946,1193.571,75.695,7.3213,0.903278948,18.96984925,1.99,37.75,annual forb
carduus_pycnocephalus_s,s,39.6,152.5830636,179.102,9.9804,1.1738,0.882389483,23.0754717,1.59,36.69,annual forb
castilleja_attenuata_n,n,17.1,314.8117155,7.524,0.1218,0.0239,0.803776683,19.12707182,1.81,34.62,annual forb
castilleja_attenuata_s,s,17.1,264.7557003,8.128,0.1473,0.0307,0.791581806,19.12707182,1.81,34.62,annual forb
castilleja_densiflora_n,n,19.9,285.3472222,8.218,0.1876,0.0288,0.846481876,24.04026846,1.49,35.82,annual forb
castilleja_rubicundula_n,n,20.8,299.4910941,11.77,0.1775,0.0393,0.778591549,22.02797203,1.43,31.5,annual forb
castilleja_rubicundula_s,s,15.1,312.5862069,27.195,0.475,0.087,0.816842105,18.94152047,1.71,32.39,annual forb
centaurea_melitensis_n,n,64,202.4571429,7.086,0.1559,0.035,0.775497114,47.37647059,0.85,40.27,annual forb
centaurea_melitensis_s,s,35,147.1221532,7.106,0.1699,0.0483,0.715715127,21.28272251,1.91,40.65,annual forb
centaurea_solstitialis_n,n,100.1,206.140308,168.664,4.809,0.8182,0.829860678,17.36363636,2.31,40.11,annual forb
centaurea_solstitialis_s,s,71.4,212.8361996,150.986,4.2474,0.7094,0.832980176,31.49612403,1.29,40.63,annual forb
centaurium_trichanthum_n,n,5.55,583.5907336,15.115,0.2666,0.0259,0.902850713,19.83574879,2.07,41.06,annual forb
centaurium_trichanthum_s,s,8.1,578.2370821,19.024,0.3372,0.0329,0.902431791,20.8680203,1.97,41.11,annual forb
cerastium_glomeratum_n,n,21.1,245.5408971,18.612,0.4903,0.0758,0.845400775,33.0952381,1.05,34.75,annual forb
cerastium_glomeratum_s,s,21.6,288.115016,9.018,0.2098,0.0313,0.850810296,24.46540881,1.59,38.9,annual forb
cercocarpus_betuloides_s,s,217.9,59.04780262,15.317,0.5461,0.2594,0.524995422,25.11979167,1.92,48.23,perennial forb
chaenactis_glabriuscula_s,s,8.7,180.5952381,3.034,0.1048,0.0168,0.839694656,30.088,1.25,37.61,annual forb
chlorogalum_pomeridianum_n,n,39.3,141.7711608,983.183,36.2555,6.935,0.808718677,23.32954545,1.76,41.06,perennial forb
chlorogalum_pomeridianum_s,s,281.68,111.4796216,286.38,9.642,2.5689,0.733571873,13.46056782,3.17,42.67,perennial forb
chorizanthe_membranacea_n,n,25.2,142.7966102,6.74,0.1632,0.0472,0.710784314,36.83928571,1.12,41.26,annual forb
chorizanthe_membranacea_s,s,26.1,112.4045802,5.89,0.1652,0.0524,0.682808717,32.57364341,1.29,42.02,annual forb
chorizanthe_polygonoides_s,s,0.85,130.1086957,2.394,0.0516,0.0184,0.643410853,101.65,0.4,40.66,annual forb
clarkia_gracilis_s,s,33.5,207.2053232,10.899,0.3619,0.0526,0.854655982,16.22619048,2.52,40.89,annual forb
clarkia_purpurea_n,n,21.5,147.7192982,5.052,0.1758,0.0342,0.805460751,21.30051813,1.93,41.11,annual forb
clarkia_purpurea_s,s,16.2,151.9294606,7.323,0.259,0.0482,0.813899614,13.86824324,2.96,41.05,annual forb
claytonia_exigua_s,s,2.15,189.955157,4.236,0.3414,0.0223,0.934680726,24.32653061,1.47,35.76,annual forb
claytonia_parviflora_n,n,8.45,399.1084337,16.563,0.7682,0.0415,0.94597761,15.17596567,2.33,35.36,annual forb
claytonia_parviflora_s,s,8.6,412.1597633,13.931,0.43,0.0338,0.921395349,10.84660767,3.39,36.77,annual forb
collinsia_sparsiflora_n,n,15.7,276.56056,6.851,0.17125,0.02475,0.855474453,18.49763033,2.11,39.03,annual forb
collinsia_sparsiflora_s,s,9.76,227.8695652,5.241,0.1512,0.023,0.847883598,9.716553288,4.41,42.85,annual forb
cryptantha_flaccida_n,n,36.6,136.5217391,3.768,0.1139,0.0276,0.757682177,36.40229885,0.87,31.67,annual forb
cryptantha_hispidula_s,s,7.3,136.1189802,4.805,0.1803,0.0353,0.804215197,23.91772152,1.58,37.79,annual forb
cynosurus_echinatus_n,n,66.1,345.4154519,47.391,0.5445,0.1372,0.748025712,35.58558559,1.11,39.5,annual grass
cynosurus_echinatus_s,s,29.3,339.9726027,37.227,0.4904,0.1095,0.776712887,56.73809524,0.84,47.66,annual grass
dactylis_glomerata_n,n,111.5,157.7207977,143.936,3.2784,0.9126,0.721632504,24.34337349,1.66,40.41,annual forb
daucus_pusillus_n,n,12.9,229.95905,28.078,0.5144,0.1221,0.762636081,15.58555133,2.63,40.99,annual forb
daucus_pusillus_s,s,24.2,191.9637291,67.744,1.5448,0.3529,0.771556189,14.57241379,2.9,42.26,annual forb
delphinium_hesperium_n,n,53.4,114.2866273,71.532,3.2228,0.6259,0.805789996,25.8,1.45,37.41,perennial forb
delphinium_hesperium_s,s,72.1,121.521079,136.055,6.2862,1.1196,0.821895581,19.47938144,1.94,37.79,perennial forb
delphinium_variegatum_n,n,25.8,168.0123958,78.613,2.4207,0.4679,0.806708803,18.74626866,2.01,37.68,perennial forb
delphinium_variegatum_s,s,21.9,138.0003081,89.576,3.6793,0.6491,0.823580572,19.49019608,2.04,39.76,perennial forb
dichelostemma_capitatum_n,n,44,99.75231575,99.074,7.3,0.9932,0.863945205,18.43693694,1.4,39.14,perennial forb
dichelostemma_capitatum_s,s,17.07,102.8691335,87.017,4.6884,0.8459,0.819575975,18.43693694,2.22,40.93,perennial forb
dodecatheon_hendersonii_n,n,26.5,250.7094176,80.929,3.3777,0.3228,0.90443201,20.02139037,1.87,37.44,perennial forb
dodecatheon_hendersonii_s,s,21.6,346.4065336,95.435,3.189,0.2755,0.913609282,16.76293103,2.32,38.89,perennial forb
elymus_elymoides_n,n,41,83.22156476,12.658,0.2832,0.1521,0.462923729,44.80263158,0.76,34.05,perennial grass
elymus_elymoides_s,s,33.9,85.16469038,12.928,0.2557,0.1518,0.406335549,18.9408867,2.03,38.45,perennial grass
elymus_glaucus_n,n,94.7,282.3858773,79.181,0.9447,0.2804,0.703186197,13.42769231,3.25,43.64,perennial grass
elytrigia_repens_n,n,101.5,81.5613577,31.238,0.8856,0.383,0.567524842,29.84722222,1.44,42.98,perennial grass
epilobium_brachycarpum_n,n,46.3,116.22142,9.658,0.313,0.0831,0.734504792,24.54705882,1.7,41.73,annual forb
epilobium_brachycarpum_s,s,108.8,144.7350427,16.934,0.5288,0.117,0.778744327,15.71167883,2.74,43.05,annual forb
eremocarpus_setigerus_n,n,1.65,198.7583893,29.615,0.5646,0.149,0.736096351,15.59782609,2.76,43.05,annual forb
eremocarpus_setigerus_s,s,1.45,179.5863747,14.762,0.2428,0.0822,0.661449753,19.47029703,2.02,39.33,annual forb
eriogonum_covilleanum_s,s,21,129.8128456,30.519,0.886,0.2351,0.734650113,22.36787565,1.93,43.17,annual forb
eriogonum_nudum_s,s,67.8,141.4014985,32.084,1.2205,0.2269,0.814092585,14.25496689,3.02,43.05,perennial forb
eriogonum_vimineum_s,s,13.1,117.3721654,52.794,2.0017,0.4498,0.775291003,16.30769231,2.47,40.28,annual forb
eriophyllum_lanatum_n,n,51.2,196.3546798,11.958,0.2967,0.0609,0.794742164,31.23529412,1.36,42.48,perennial forb
eriophyllum_lanatum_s,s,4.99,159.60658,21.5105,0.67435,0.14425,0.786090309,17.98765432,2.43,43.71,perennial forb
erodium_botrys_n,n,14.8,201.06201,56.418,1.7635,0.2806,0.840884604,13.278125,3.2,42.49,annual forb
erodium_brachycarpum_n,n,15.73,144.0364712,58.45,1.7068,0.4058,0.762245137,24.0505618,1.78,42.81,annual forb
erodium_brachycarpum_s,s,26.2,239.7447183,27.235,0.6077,0.1136,0.813065657,30.72463768,1.38,42.4,annual forb
erodium_cicutarium_n,n,8.025,236.7008798,16.143,0.3174,0.0682,0.785129175,20.73658537,2.05,42.51,annual forb
erodium_cicutarium_s,s,12.91,163.1761417,87.544,0.3222,0.5365,-0.665114836,9.827272727,4.4,43.24,annual forb
eschscholzia_californica_s,s,12.35,143.4537371,51.629,2.0822,0.3599,0.827153972,10.57286432,3.98,42.08,annual forb
euphorbia_crenulata_n,n,17.4,297.6076555,12.44,0.1872,0.0418,0.776709402,13.73584906,3.18,43.68,annual forb
euphorbia_crenulata_s,s,10.5,336.6371681,7.608,0.0868,0.0226,0.739631336,17.36046512,2.58,44.79,annual forb
filago_californica_s,s,18.8,261.1702128,2.455,0.0287,0.0094,0.672473868,18.66101695,2.36,44.04,annual forb
filago_gallica_n,n,13.3,348.1609195,3.029,0.0325,0.0087,0.732307692,15.89015152,2.64,41.95,annual forb
galium_aparine_n,n,38.1,387.7011494,4.497333333,0.0784,0.0116,0.851977882,24.5477707,1.57,38.54,annual forb
galium_murale_n,n,4.05,250.6896552,0.727,0.0101,0.0029,0.712871287,17.60655738,2.44,42.96,annual forb
galium_murale_s,s,6.2,291.3636364,0.641,0.0095,0.0022,0.768421053,18.50243902,2.05,37.93,annual forb
galium_porrigens_n,n,47.8,509.4117647,0.866,0.0108,0.0017,0.842592593,17.31404959,2.42,41.9,perennial forb
gastridium_ventricosum_n,n,78,252.5525292,32.453,0.4331,0.1285,0.703301778,60.06153846,0.65,39.04,annual grass
gastridium_ventricosum_s,s,18.8,283,13.018,0.1693,0.046,0.728292971,60.06153846,0.65,43.39,annual grass
geranium_dissectum_n,n,8.3,176.1220677,84.838,2.3349,0.4817,0.793695661,17.23673469,2.45,42.23,annual forb
geranium_dissectum_s,s,13.6,211.9635844,59.371,1.3724,0.2801,0.795904984,16.31048387,2.48,40.45,annual forb
geranium_molle_n,n,16.6,570.3884462,57.267,0.5912,0.1004,0.830175913,14.83146067,2.67,39.6,annual forb
gilia_capitata_s,s,24.8,170.7974245,34.484,1.171,0.2019,0.827583262,16.27906977,2.58,42,annual forb
gilia_tricolor_n,n,14.7,167.5669291,21.281,0.697,0.127,0.817790531,20.53110048,2.09,42.91,annual forb
gilia_tricolor_s,s,9.95,252.4242424,1.666,0.0378,0.0066,0.825396825,25.11515152,1.65,41.44,annual forb
githopsis_specularioides_n,n,2.1,194.7058824,0.331,0.0032,0.0017,0.46875,28.06849315,0.73,20.49,annual forb
githopsis_specularioides_s,s,3.9,305.7142857,0.856,0.0101,0.0028,0.722772277,19.61375661,1.89,37.07,annual forb
grindelia_camporum_n,n,66.5833333,124.190091,61.412,1.5674,0.4945,0.684509379,19.74311927,2.18,43.04,perennial forb
grindelia_camporum_s,s,36.5,154.8011971,36.208,1.0236,0.2339,0.771492771,16.31178707,2.63,42.9,perennial forb
helianthella_californica_n,n,40,174.9147589,215.46,5.3848,1.2318,0.771244986,16.84462151,2.51,42.28,perennial forb
helianthus_exilis_s,s,57,195.0782911,100.914,4.0035,0.5173,0.87078806,12.0543131,3.13,37.73,annual forb
hemizonia_congesta_n,n,35.6,225.5860492,39.455,1.0256,0.1749,0.829465679,16.06530612,2.45,39.36,annual forb
hemizonia_congesta_s,s,63.6,175.3085877,79.818,2.9645,0.4553,0.846415922,15.46938776,2.45,37.9,annual forb
hesperevax_sparsiflora_n,n,5,350.1298701,5.392,0.0639,0.0154,0.758998435,16.456,2.5,41.14,annual forb
hesperolinon_californicum_s,s,16.7,182,2.093,0.0643,0.0115,0.821150855,20.48691099,1.91,39.13,annual forb
hesperolinon_disjunctum_s,s,19.4,147.1551724,1.707,0.0538,0.0116,0.784386617,28.75735294,1.36,39.11,annual forb
hesperolinon_micranthum_s,s,5.42,152.5,0.305,0.0038,0.002,0.473684211,13.98986486,2.96,41.41,annual forb
holocarpha_virgata_n,n,24.3,146.6566265,4.869,0.1161,0.0332,0.714039621,17.97706422,2.18,39.19,annual forb
holocarpha_virgata_s,s,39,184.4004226,34.907,1.1147,0.1893,0.830178523,14.14074074,2.7,38.18,annual forb
holodiscus_discolor_n,n,141.4,347.4350779,86.963,0.8913,0.2503,0.71917424,17.63346614,2.51,44.26,perennial forb
hordeum_brachyantherum_s,s,62.8,325.5253837,27.572,0.3271,0.0847,0.74105778,28.60431655,1.39,39.76,perennial grass
hordeum_murinum_n,n,42.4,390.75,21.882,0.2101,0.056,0.733460257,12.78504673,3.21,41.04,annual grass
hordeum_murinum_s,s,45.8,305.0865385,31.729,0.415,0.104,0.74939759,18.2371134,1.94,35.38,annual grass
hypochaeris_glabra_n,n,5.1,222.7049608,85.296,3.6555,0.383,0.895226371,17.98617512,2.17,39.03,annual forb
hypochaeris_glabra_s,s,2.3,236.3098237,56.289,2.0653,0.2382,0.884665666,20.12021858,1.83,36.82,annual forb
hypochaeris_radicata_n,n,9.5,229.4902083,147.654,5.7381,0.6434,0.887872292,19.05208333,1.92,36.58,perennial forb
hypochaeris_radicata_s,s,14.2,246.7988741,96.449,3.8667,0.3908,0.898931906,16.78508772,2.28,38.27,perennial forb
iris_douglasiana_s,s,21.7,111.1935577,270.634,9.7539,2.4339,0.750469043,25.67241379,1.74,44.67,perennial forb
lactuca_serriola_n,n,18.4,317.1323379,155.046,3.7422,0.4889,0.869354925,20.77540107,1.87,38.85,annual forb
lactuca_serriola_s,s,26.3,313.0451739,288.972,6.1865,0.9231,0.850788006,13.34304207,3.09,41.23,annual forb
lagophylla_minor_s,s,9.5,177.0489039,10.499,0.3806,0.0593,0.844193379,23.3557047,1.49,34.8,annual forb
lasthenia_californica_n,n,17.45,433.9215686,2.213,0.0431,0.0051,0.881670534,16.25941423,2.39,38.86,annual forb
lasthenia_californica_s,s,9.14,256.9653179,8.891,0.2358,0.0346,0.853265479,16.25941423,2.39,38.86,annual forb
lathyrus_vestitus_n,n,96.5555556,248.2348075,330.053,6.4212,1.3296,0.7929359,8.153271028,5.35,43.62,perennial forb
lepidium_nitidum_n,n,5.1,311.1731844,5.57,0.0934,0.0179,0.808351178,16.48706897,2.32,38.25,annual forb
lepidium_nitidum_s,s,10.78,159.373297,11.698,0.3467,0.0734,0.788289588,19.48275862,2.03,39.55,annual forb
lessingia_ramulosa_s,s,19.6,227.6789168,11.771,0.2127,0.0517,0.75693465,17.4279476,2.29,39.91,annual forb
linanthus_bicolor_n,n,7.6,283.5971223,3.942,0.0713,0.0139,0.805049088,19.71428571,2.03,40.02,annual forb
linanthus_bicolor_s,s,3.8,268.1538462,3.486,0.0501,0.013,0.740518962,19.71428571,2.03,40.02,annual forb
linanthus_ciliatus_n,n,14.4,132.8460039,6.815,0.2526,0.0513,0.796912114,17.31944444,2.16,37.41,annual forb
lithophragma_heterophyllum_n,n,35.8,412.7935448,74.179,1.4133,0.1797,0.872850775,16.5186722,2.41,39.81,perennial forb
lolium_multiflorum_n,n,53.5,252.2536688,24.065,0.3352,0.0954,0.715393795,21.15591398,1.86,39.35,annual grass
lolium_multiflorum_s,s,49.7,220.4824561,20.108,0.3035,0.0912,0.699505766,21.15591398,1.86,35.9,annual grass
lomatium_dasycarpum_s,s,29.4,127.7456543,141.836,6.4179,1.1103,0.826999486,14.90613718,2.77,41.29,perennial forb
lomatium_macrocarpum_s,s,34.6,130.5355786,931.3583,32.485,7.1349,0.780363245,16.39015152,2.64,43.27,perennial forb
lomatium_marginatum_n,n,12.2,163.4059927,242.135,5.3133,1.4818,0.721114938,25.23225806,1.55,39.11,perennial forb
lomatium_marginatum_s,s,21,84.82453505,310.602,15.6665,3.6617,0.766271982,13.00634921,3.15,40.97,perennial forb
lomatium_utriculatum_n,n,19.9,145.8940862,415.448,13.5103,2.8476,0.789227478,15.33858268,2.54,38.96,perennial forb
lomatium_utriculatum_s,s,11.87,84.86423156,123.138,7.2941,1.451,0.801072099,15.688,2.5,39.22,perennial forb
lotus_humistratus_n,n,5.55,162.6954733,7.907,0.2249,0.0486,0.783903957,18.9478673,2.11,39.98,annual forb
lotus_humistratus_s,s,7.5,141.10096,6.4425,0.25245,0.04665,0.815210933,15.76076555,2.09,32.94,annual forb
lotus_micranthus_n,n,13.6,267.0879121,4.861,0.0818,0.0182,0.777506112,8.793522267,4.94,43.44,annual forb
lotus_micranthus_s,s,15.85,292.1412037,25.241,0.4836,0.0864,0.82133995,13.34969325,3.26,43.52,annual forb
lotus_purshianus_s,s,16.75,333.0717185,24.614,0.4196,0.0739,0.823879886,15.40072202,2.77,42.66,annual forb
lotus_wrangelianus_n,n,9.65,238.3460949,15.564,0.4527,0.0653,0.855754363,11.20930233,3.44,38.56,annual forb
lotus_wrangelianus_s,s,5.91,195.7414966,14.387,0.4264,0.0735,0.827626642,12.45954693,3.09,38.5,annual forb
lupinus_albifrons_n,n,58,84.3549897,45.054,1.9619,0.5341,0.727763902,8.211895911,5.38,44.18,perennial forb
lupinus_bicolor_n,n,35.8,166.2698413,29.33,1.0061,0.1764,0.824669516,11.54847645,3.61,41.69,annual forb
lupinus_bicolor_s,s,15.85,149.3274854,25.535,0.9461,0.171,0.819258007,10.4739726,3.65,38.23,annual forb
lupinus_microcarpus_n,n,29.2,237.3772495,213.687,6.7644,0.9002,0.866920939,9.510204082,4.41,41.94,annual forb
lupinus_nanus_n,n,38.8,180.2536173,110.874,5.2153,0.6151,0.882058558,9.950649351,3.85,38.31,annual forb
lupinus_succulentus_s,s,16.9,145.1173243,219.548,10.825,1.5129,0.860240185,10.3415978,3.63,37.54,annual forb
madia_exigua_n,n,11.25,222.4161074,3.314,0.0649,0.0149,0.770416025,28.71428571,1.41,40.34,annual forb
madia_gracilis_n,n,30.7,242.5022502,26.942,0.6779,0.1111,0.836111521,20.31443299,1.94,39.41,annual forb
medicago_polymorpha_n,n,19.46,271.1075949,42.835,0.7178,0.158,0.779882976,9.990804598,4.35,43.46,annual forb
medicago_polymorpha_s,s,15.89,198.9073634,25.122,0.4968,0.1263,0.745772947,10.34624697,4.13,42.73,annual forb
melica_californica_n,n,43.2,131.9361277,13.22,0.2255,0.1002,0.555654102,26.80921053,1.52,40.75,perennial grass
melica_californica_s,s,63.7,111.5188897,28.928,0.5065,0.2594,0.487857848,19.26829268,2.05,39.5,perennial grass
melilotus_indica_n,n,74.6,169.4813278,40.845,1.0761,0.241,0.776043119,13.54304636,3.02,40.9,annual forb
melilotus_indica_s,s,24.5,238.603156,40.825,0.7911,0.1711,0.783718872,11.0156658,3.83,42.19,annual forb
micropus_californicus_n,n,18.9,413.47896,3.6775,0.0389,0.0088,0.77377892,16.66135458,2.51,41.82,annual forb
micropus_californicus_s,s,13.7,282.1794872,2.201,0.0314,0.0078,0.751592357,15.14963504,2.74,41.51,annual forb
microseris_douglasii_n,n,8.55,663.7060703,20.774,0.2044,0.0313,0.846868885,19.28823529,1.7,32.79,annual forb
microseris_douglasii_s,s,6,278.2352941,17.974,0.3914,0.0646,0.834951456,16.68292683,2.46,41.04,annual forb
mimulus_douglasii_s,s,1.15,207.4634146,8.506,0.225,0.041,0.817777778,26.64238411,1.51,40.23,annual forb
mimulus_guttatus_s,s,9.6,296.05045,31.09,0.9352,0.09885,0.894300684,10.97375328,3.81,41.81,annual forb
minuartia_californica_s,s,3.6,297.5,0.238,0.0022,0.0008,0.636363636,19.95566502,2.03,40.51,annual forb
minuartia_douglasii_s,s,11.3,125.07616,12.591,0.5418,0.1018,0.812107789,30.5620438,1.37,41.87,annual forb
nassella_pulchra_n,n,50,157.5975474,28.273,0.506,0.1794,0.645454545,41.51546392,0.97,40.27,perennial grass
nassella_pulchra_s,s,46,78.41214535,31.506,0.8313,0.4018,0.516660652,37.1559633,1.09,40.5,perennial grass
navarretia_jepsonii_s,s,9.1,185.9598854,6.49,0.1881,0.0349,0.814460393,32.83064516,1.24,40.71,annual forb
navarretia_pubescens_n,n,23.4,232.1025641,4.526,0.0785,0.0195,0.751592357,33.9765625,1.28,43.49,annual forb
navarretia_pubescens_s,s,11.3,170.5555556,9.517,0.2835,0.0558,0.803174603,26.94968553,1.59,42.85,annual forb
nemophila_heterophylla_n,n,31.1,414.8351648,15.1,0.2375,0.0364,0.846736842,14.78490566,2.65,39.18,annual forb
nemophila_menziesii_n,n,10.5,258,14.19,0.3333,0.055,0.834983498,22.70414201,1.69,38.37,annual forb
nemophila_menziesii_s,s,16.6,346.7253521,9.847,0.2266,0.0284,0.87466902,27.73228346,1.27,35.22,annual forb
nemophilla_pedunculata_s,s,5.92857143,251.6633663,12.709,0.4137,0.0505,0.877930868,13.72636816,2.48,39.26,annual forb
pectocarya_pusilla_n,n,12.25,280.8888889,1.264,0.0188,0.0045,0.760638298,39.29166667,0.96,37.72,annual forb
perideridia_kelloggii_n,n,112.8,132.4914994,327.307,14.3102,2.4704,0.827367891,14.39249147,2.93,42.17,perennial forb
perideridia_kelloggii_s,s,76.7,163.1340631,348.748,9.777,2.1378,0.781343971,16.53386454,2.51,41.5,perennial forb
phacelia_imbricata_n,n,41.9,114.298084,62.041,1.7781,0.5428,0.69473033,23.8961039,1.54,36.8,perennial forb
plagiobothrys_nothofulvus_n,n,24.6,377.2642968,24.409,0.3973,0.0647,0.837150768,20.48167539,1.93,38.34,annual forb
plagiobothrys_nothofulvus_s,s,20.1,312.8343949,29.469,0.6629,0.0942,0.857897119,20.48167539,1.91,39.12,annual forb
plantago_erecta_n,n,6.6,137.1568627,5.596,0.1536,0.0408,0.734375,35.19354839,1.24,43.64,annual forb
plantago_erecta_s,s,8.04,148.0500894,8.276,0.2453,0.0559,0.772115777,28.86577181,1.49,43.01,annual forb
plectritis_ciliosa_n,n,18.1,347.7777778,4.382,0.0799,0.0126,0.842302879,20.42105263,2.09,42.68,annual forb
plectritis_ciliosa_s,s,9.9,349.7282609,12.87,0.2757,0.0368,0.866521581,20.42105263,2.13,44.7,annual forb
poa_bulbosa_n,n,40,228.4180791,4.043,0.0568,0.0177,0.688380282,33.504,1.25,41.88,annual grass
poa_secunda_n,n,56.1,360.6956522,12.444,0.1095,0.0345,0.684931507,41.45098039,1.02,42.28,perennial grass
poa_secunda_s,s,36.3,173.0928807,36.713,0.6209,0.2121,0.658399098,29.00719424,1.39,40.32,perennial grass
polypogon_monspeliensis_n,n,12.05,220.944206,10.296,0.1379,0.0466,0.662073967,48.34722222,0.72,34.81,annual forb
polypogon_monspeliensis_s,s,27.8,163.781362,9.139,0.1669,0.0558,0.665668065,53.70689655,0.58,31.15,annual forb
ranunculus_occidentalis_n,n,48.1,246.4041426,102.307,2.7986,0.4152,0.851640106,18.10599078,2.17,39.29,annual forb
ranunculus_occidentalis_s,s,30.6,118.3664947,48.187,1.82,0.4071,0.776318681,22.81382979,1.88,42.89,annual forb
rigiopappus_leptocladus_n,n,6.4,201.4018692,2.155,0.0445,0.0107,0.759550562,20.29591837,1.96,39.78,annual forb
rigiopappus_leptocladus_s,s,16.3,136.2566845,2.548,0.067,0.0187,0.720895522,30.67407407,1.35,41.41,annual forb
salvia_columbariae_n,n,14.4,123.7583001,93.19,4.5767,0.753,0.835470973,23.84615385,1.82,43.4,annual forb
sanicula_bipinnata_n,n,35.8,198.7762973,56.691,1.558,0.2852,0.816944801,17.3487395,2.38,41.29,perennial forb
sanicula_bipinnatifida_n,n,11.9,144.7086303,300.473,12.0819,2.0764,0.828139614,17.14107884,2.41,41.31,perennial forb
sanicula_bipinnatifida_s,s,11,169.6224589,157.698,4.6291,0.9297,0.799161824,15.55769231,2.6,40.45,perennial forb
sanicula_crassicaulis_n,n,136.6,294.9257806,518.568,13.1732,1.7583,0.866524459,19.09,2,38.18,perennial forb
sanicula_crassicaulis_s,s,15.35,217.8162942,123.785,3.4075,0.5683,0.833220836,20.46560847,1.89,38.68,perennial forb
scutellaria_siphoncampyloides_s,s,20.4,220.1470588,14.97,0.323,0.068,0.789473684,31.12676056,1.42,44.2,perennial forb
senecio_eurycephalus_s,s,38.95,93.93038,46.279,2.00715,0.5192,0.741324764,28.11320755,1.59,44.7,annual forb
senecio_vulgaris_n,n,21.15,164.2224409,16.685,0.7342,0.1016,0.861618088,24.00641026,1.56,37.45,annual forb
senecio_vulgaris_s,s,31.2,184.7390841,34.694,1.2906,0.1878,0.854486285,17.43555556,2.25,39.23,annual forb
sidalcea_diploscypha_n,n,29.9,215.7332351,29.275,0.8137,0.1357,0.83323092,16.52674897,2.43,40.16,annual forb
sidalcea_diploscypha_s,s,7.7,193.9476314,97.032,3.156,0.5003,0.841476553,13.78350515,2.91,40.11,annual forb
silene_gallica_n,n,42.7,234.4262295,25.74,0.8564,0.1098,0.871788884,23.24840764,1.57,36.5,annual forb
silene_gallica_s,s,25.7,193.7367625,12.806,0.4543,0.0661,0.854501431,13.96078431,2.55,35.6,annual forb
sisyrinchium_bellum_n,n,32.8,206.2942192,95.638,2.3178,0.4636,0.799982742,24.84337349,1.66,41.24,perennial forb
sisyrinchium_bellum_s,s,34.9,153.7578169,81.138,2.2401,0.5277,0.764430159,19.03317536,2.11,40.16,perennial forb
sonchus_oleraceus_n,n,80.5,319.7073216,1711.713,48.023,5.354,0.888511755,9.876456876,4.29,42.37,annual forb
stellaria_media_n,n,30,512.3865878,25.978,0.4797,0.0507,0.894308943,12.26732673,3.03,37.17,annual forb
stellaria_nitens_n,n,39.8,796.9354839,19.764,0.3484,0.0248,0.928817451,20.49714286,1.75,35.87,annual forb
taeniatherum_caput_medusae_n,n,41.2,206.031746,3.894,0.0469,0.0189,0.597014925,71.12280702,0.57,40.54,annual grass
taeniatherum_caput_medusae_s,s,44.8,227.8054299,10.069,0.1185,0.0442,0.627004219,89.675,0.4,35.87,annual grass
thysanocarpus_curvipes_n,n,36.6,214.8205128,8.378,0.1937,0.039,0.798657718,16.00406504,2.46,39.37,annual forb
torilis_arvensis_n,n,29.8,381.9946572,42.898,0.4647,0.1123,0.758338713,15.23828125,2.56,39.01,annual forb
torilis_arvensis_s,s,16.3,337.3627617,59.612,0.8448,0.1767,0.790838068,18.15816327,1.96,35.59,annual forb
torilis_nodosa_n,n,12.4,296.1470138,96.692,1.8837,0.3265,0.826670914,15.14056225,2.49,37.7,annual forb
trifolium_albopurpureum_n,n,12.55,192.31508,11.479,0.19185,0.0595,0.689861871,12.53448276,3.48,43.62,annual forb
trifolium_albopurpureum_s,s,10.9,250.13449,9.935,0.1793,0.037,0.793641941,11.4386921,3.67,41.98,annual forb
trifolium_bifidum_n,n,18.55,316.86212,18.659,0.25485,0.05925,0.7675103,10,4.44,44.4,annual forb
trifolium_bifidum_s,s,21.7,313.5195531,11.224,0.1696,0.0358,0.788915094,11.19121447,3.87,43.31,annual forb
trifolium_ciliolatum_n,n,9.3,291.4872364,26.263,0.3817,0.0901,0.763950747,9.788372093,4.3,42.09,annual forb
trifolium_depauperatum_n,n,13.3,299.3856655,8.772,0.121,0.0293,0.75785124,11.34357542,3.58,40.61,annual forb
trifolium_dubium_n,n,8.4,311.3888889,7.847,0.0718,0.0252,0.64902507,15.86785714,2.8,44.43,annual forb
trifolium_dubium_s,s,13.9,358.8687783,7.931,0.0925,0.0221,0.761081081,20.73557692,2.08,43.13,annual forb
trifolium_fucatum_n,n,24.5,336.9976359,28.51,0.7638,0.0846,0.88923802,8.801864802,4.29,37.76,annual forb
trifolium_fucatum_s,s,24.9,179.9469453,111.927,3.9567,0.622,0.842798292,9.368421053,4.37,40.94,annual forb
trifolium_gracilentum_n,n,8.3,242,4.598,0.076,0.019,0.75,11.06701031,3.88,42.94,annual forb
trifolium_hirtum_n,n,7.6,269.1407223,43.224,0.7908,0.1606,0.796914517,13.040625,3.2,41.73,annual forb
trifolium_hirtum_s,s,14.63,191.8261688,61.135,1.2471,0.3187,0.744447117,12.52852853,3.33,41.72,annual forb
trifolium_microcephalum_n,n,9.65,353.95701,10.798,0.12285,0.03095,0.748066748,11.13368984,3.74,41.64,annual forb
trifolium_microcephalum_s,s,12.2,271.1019284,9.841,0.1339,0.0363,0.728902166,22.09375,1.92,42.42,annual forb
trifolium_microdon_n,n,12.4,321.5875,25.727,0.3874,0.08,0.793495096,0,0,0,annual forb
trifolium_microdon_s,s,12.4,310.125523,14.824,0.2022,0.0478,0.763600396,0,0,0,annual forb
trifolium_variegatum_s,s,17.7,271.4588235,11.537,0.2075,0.0425,0.795180723,18.08681672,3.49,41.44,annual forb
trifolium_willdenovii_n,n,26.9,266.885333,13.863,0.21665,0.05335,0.753750288,9.435079727,4.39,41.42,annual forb
trifolium_willdenovii_s,s,22.4,176.6455696,8.373,0.1687,0.0474,0.71902786,11.85617597,5.91,70.07,annual forb
triphysaria_eriantha_s,s,7.68,199.9698795,6.639,0.1424,0.0332,0.766853933,19.71505376,1.86,36.67,annual forb
triteleia_laxa_n,n,32,126.0258492,186.241,6.90895,1.4778,0.786103532,39.14141414,0.99,38.75,perennial forb
uropappus_lindleyi_n,n,18.15,279.6995708,19.551,0.4615,0.0699,0.848537378,27.87234043,1.41,39.3,annual forb
uropappus_lindleyi_s,s,28.4,330.0497512,19.902,0.4406,0.0603,0.863141171,21.59685864,1.91,41.25,annual forb
velezia_rigida_n,n,19.8,166.9323671,6.911,0.0867,0.0414,0.522491349,0,0,0,annual forb
vicia_villosa_n,n,51,340.3370787,6.058,0.1091,0.0178,0.836846929,10.72040302,3.97,42.56,annual forb
vicia_villosa_s,s,23.6,177.5662651,29.476,0.562,0.166,0.704626335,12.66467066,3.34,42.3,annual forb
viola_douglasii_s,s,9.91,121.2848297,39.175,1.7371,0.323,0.814057913,12.13450292,3.42,41.5,annual forb
vulpia_bromoides_n,n,19.6,188.5652174,4.337,0.07,0.023,0.671428571,31.90322581,1.24,39.56,annual grass
vulpia_bromoides_s,s,16.9,164.152381,8.618,0.1634,0.0525,0.67870257,51.1375,0.8,40.91,annual grass
vulpia_microstachys_n,n,18.55,209.1666667,2.761,0.0346,0.0132,0.61849711,27.83802817,1.42,39.53,annual grass
vulpia_microstachys_s,s,21.75,181.3432836,3.645,0.0535,0.0201,0.624299065,33.52212389,1.13,37.88,annual grass
vulpia_myuros_n,n,33.4,211.9047619,4.895,0.0734,0.0231,0.685286104,102.7948718,0.39,40.09,annual grass
vulpia_myuros_s,s,25.9,104.3926789,12.548,0.35,0.1202,0.656571429,33.78991597,1.19,40.21,annual grass
vulpia_octoflora_n,n,5.3,2658.235294,4.519,0.025,0.0017,0.932,0,0,0,annual grass
zigadenus_fremontii_n,n,28.2,131.5183572,126.81,6.7037,0.9642,0.856168981,20.62564103,1.95,40.22,perennial forb
zigadenus_fremontii_s,s,29.6,155.1146894,408.448,15.229,2.6332,0.827093046,20.62564103,1.95,40.22,perennial forb
